ID	readAndUnderstood	oppToAskAboutStudy	questionsAnswered	withdrawAtAnyTime	permissionToShareData	agreeToParticipate	careerStatus	engagement	contribImprvDoc	contribSuppOthers	contribFixBugs	contribAddFeatures	contribProvTransl	contribOther	contribOtherDesc	deterrentsLackOfInterest	deterrentsLackOfTime	deterrentsDontKnowHowToStart	deterrentsLackOfCodingSkills	deterrentsNotConfidentOfWelcome	deterrentsUnawareContributingWasPossible	workshopsOnContributing	gender	genderDesc	genderAffected	nonHeteroCommunity	nonHeteroDesc	nonHeteroAffected	raceCulture	raceCultureDesc	raceCultureAffected	disability	disabilityDesc	disabilityAffected	domLangEnglish	domLangDesc	domLangAffected	anonymityCheck	genderNegPerc	genderHideID	genderIgnored	genderDerisive	genderMicroaggressions	genderSelfDoubt	genderStereotypeThreat	genderOthersLikeMe	nonHeteroNegPerc	nonHeteroHideID	nonHeteroIgnored	nonHeteroDerisive	nonHeteroMicroaggressions	nonHeteroSelfDoubt	nonHeteroStereotypeThreat	nonHeteroOthersLikeMe	raceCultureNegPerc	raceCultureHideID	raceCultureIgnored	raceCultureDerisive	raceCultureMicroaggressions	raceCultureSelfDoubt	raceCultureStereotypeThreat	raceCultureOthersLikeMe	disabilityNegPerc	disabilityHideID	disabilityIgnored	disabilityDerisive	disabilityMicroaggressions	disabilitySelfDoubt	disabilityStereotypeThreat	disabilityOthersLikeMe	domLangNegPerc	domLangHideID	domLangIgnored	domLangDerisive	domLangMicroaggressions	domLangSelfDoubt	domLangStereotypeThreat	domLangOthersLikeMe	awareOfCodeOfConduct	psychopyDocumentationEasy	trustCodeWillBeEnforced
1	Yes	Yes	Yes	Yes	Yes	Yes	Researcher - early career	Frequent user	Unselected	Unselected	Unselected	Unselected	Unselected	Unselected	NA	3	5	5	5	3	1	4	woman	NA	No	No	NA	NA	Yes	NA	No	Yes	NA	No	Yes	NA	NA	NA	NA	NA	NA	NA	NA	NA	NA	NA	NA	NA	NA	NA	NA	NA	NA	NA	NA	NA	NA	NA	NA	NA	NA	NA	NA	NA	NA	NA	NA	NA	NA	NA	NA	NA	NA	NA	NA	NA	NA	NA	No	5	7
2	Yes	Yes	Yes	Yes	Yes	Yes	Technical - junior	Frequent contributor	Unselected	Selected	Selected	Selected	Unselected	Unselected	NA	1	4	2	2	1	1	3	man	NA	Yes	Yes	bisexual	No	No	NA	NA	Yes	autism	Yes	Yes	NA	NA	Yes	1	1	1	1	1	1	1	1	NA	NA	NA	NA	NA	NA	NA	NA	NA	NA	NA	NA	NA	NA	NA	NA	2	1	1	1	1	6	3	1	NA	NA	NA	NA	NA	NA	NA	NA	Yes	5	7
3	Yes	Yes	Yes	Yes	Yes	Yes	Researcher - early career	Frequent contributor	Selected	Selected	Selected	Unselected	Unselected	Selected	I am part of the core team and I help with testing and shaping new features.	1	1	1	3	1	1	3	woman	NA	No	No	NA	NA	No	NA	NA	No	NA	NA	Yes	NA	NA	NA	NA	NA	NA	NA	NA	NA	NA	NA	NA	NA	NA	NA	NA	NA	NA	NA	NA	NA	NA	NA	NA	NA	NA	NA	NA	NA	NA	NA	NA	NA	NA	NA	NA	NA	NA	NA	NA	NA	NA	NA	Yes	4	7
4	Yes	Yes	Yes	Yes	Yes	Yes	Researcher - senior	Senior developer	Selected	Selected	Selected	Selected	Unselected	Unselected	NA	1	4	1	1	1	1	1	man	NA	No	No	NA	NA	No	NA	NA	No	NA	NA	Yes	NA	NA	NA	NA	NA	NA	NA	NA	NA	NA	NA	NA	NA	NA	NA	NA	NA	NA	NA	NA	NA	NA	NA	NA	NA	NA	NA	NA	NA	NA	NA	NA	NA	NA	NA	NA	NA	NA	NA	NA	NA	NA	NA	Yes	7	7
7	Yes	Yes	Yes	Yes	Yes	Yes	Researcher - early career	Frequent user	Unselected	Unselected	Unselected	Unselected	Unselected	Unselected	NA	3	3	3	4	5	3	5	man	NA	No	Yes	gay	No	No	NA	NA	No	NA	NA	Yes	NA	NA	Yes	NA	NA	NA	NA	NA	NA	NA	NA	NA	NA	NA	NA	NA	NA	NA	NA	NA	NA	NA	NA	NA	NA	NA	NA	NA	NA	NA	NA	NA	NA	NA	NA	NA	NA	NA	NA	NA	NA	NA	NA	Yes	7	7
8	Yes	Yes	Yes	Yes	Yes	Yes	Technical - senior	Frequent user	Unselected	Unselected	Unselected	Unselected	Unselected	Unselected	NA	1	5	4	4	1	1	3	woman	NA	No	No	NA	NA	No	NA	NA	Yes	adhd	No	Yes	NA	NA	Yes	NA	NA	NA	NA	NA	NA	NA	NA	NA	NA	NA	NA	NA	NA	NA	NA	NA	NA	NA	NA	NA	NA	NA	NA	NA	NA	NA	NA	NA	NA	NA	NA	NA	NA	NA	NA	NA	NA	NA	NA	Yes	7	7
9	Yes	Yes	Yes	Yes	Yes	Yes	Researcher - senior	Frequent user	Unselected	Unselected	Unselected	Unselected	Unselected	Unselected	NA	1	5	5	1	5	5	1	man	NA	No	No	NA	NA	No	NA	NA	No	NA	NA	Yes	NA	NA	NA	NA	NA	NA	NA	NA	NA	NA	NA	NA	NA	NA	NA	NA	NA	NA	NA	NA	NA	NA	NA	NA	NA	NA	NA	NA	NA	NA	NA	NA	NA	NA	NA	NA	NA	NA	NA	NA	NA	NA	NA	Yes	7	7
10	Yes	Yes	Yes	Yes	Yes	Yes	Researcher - mid career	Occasional user	Unselected	Unselected	Unselected	Unselected	Unselected	Unselected	NA	1	5	4	4	4	1	3	woman	NA	No	No	NA	NA	No	NA	NA	No	NA	NA	Yes	NA	NA	NA	NA	NA	NA	NA	NA	NA	NA	NA	NA	NA	NA	NA	NA	NA	NA	NA	NA	NA	NA	NA	NA	NA	NA	NA	NA	NA	NA	NA	NA	NA	NA	NA	NA	NA	NA	NA	NA	NA	NA	NA	Yes	7	7
11	Yes	Yes	Yes	Yes	Yes	Yes	Researcher - early career	Occasional user	Unselected	Unselected	Unselected	Unselected	Unselected	Unselected	NA	4	5	4	4	2	3	3	woman	NA	NA	No	NA	NA	No	NA	NA	No	NA	NA	Yes	NA	NA	NA	NA	NA	NA	NA	NA	NA	NA	NA	NA	NA	NA	NA	NA	NA	NA	NA	NA	NA	NA	NA	NA	NA	NA	NA	NA	NA	NA	NA	NA	NA	NA	NA	NA	NA	NA	NA	NA	NA	NA	NA	Yes	3	4
12	Yes	Yes	Yes	Yes	Yes	Yes	Researcher - mid career	Frequent user	Unselected	Unselected	Unselected	Unselected	Unselected	Unselected	NA	1	5	5	5	1	1	3	man	NA	No	No	NA	NA	No	NA	NA	No	NA	NA	No	italian	No	Yes	NA	NA	NA	NA	NA	NA	NA	NA	NA	NA	NA	NA	NA	NA	NA	NA	NA	NA	NA	NA	NA	NA	NA	NA	NA	NA	NA	NA	NA	NA	NA	NA	NA	NA	NA	NA	NA	NA	NA	NA	No	5	5
13	Yes	Yes	Yes	Yes	Yes	Yes	Researcher - early career	Occasional user	Unselected	Unselected	Unselected	Unselected	Unselected	Unselected	NA	1	5	3	3	2	2	2	woman	NA	No	No	NA	NA	No	NA	NA	No	NA	NA	Yes	NA	NA	NA	NA	NA	NA	NA	NA	NA	NA	NA	NA	NA	NA	NA	NA	NA	NA	NA	NA	NA	NA	NA	NA	NA	NA	NA	NA	NA	NA	NA	NA	NA	NA	NA	NA	NA	NA	NA	NA	NA	NA	NA	Yes	6	5
14	Yes	Yes	Yes	Yes	Yes	Yes	Researcher - early career	Occasional user	Unselected	Unselected	Unselected	Unselected	Unselected	Unselected	NA	1	3	2	1	1	1	4	woman	NA	No	No	NA	NA	No	NA	NA	No	NA	NA	No	italian	No	Yes	NA	NA	NA	NA	NA	NA	NA	NA	NA	NA	NA	NA	NA	NA	NA	NA	NA	NA	NA	NA	NA	NA	NA	NA	NA	NA	NA	NA	NA	NA	NA	NA	NA	NA	NA	NA	NA	NA	NA	NA	Yes	5	7
15	Yes	Yes	Yes	Yes	Yes	Yes	Researcher - early career	Occasional user	Unselected	Unselected	Unselected	Unselected	Unselected	Unselected	NA	4	4	4	5	1	2	2	man	NA	No	No	NA	NA	No	NA	NA	No	NA	NA	No	slovak	No	Yes	NA	NA	NA	NA	NA	NA	NA	NA	NA	NA	NA	NA	NA	NA	NA	NA	NA	NA	NA	NA	NA	NA	NA	NA	NA	NA	NA	NA	NA	NA	NA	NA	NA	NA	NA	NA	NA	NA	NA	NA	Yes	4	NA
16	Yes	Yes	Yes	Yes	Yes	Yes	Researcher - early career	Occasional user	Unselected	Unselected	Unselected	Unselected	Unselected	Unselected	NA	2	2	3	4	1	1	4	man	NA	No	Yes	homosexual	No	Yes	latin/hispanic	No	No	NA	NA	No	spanish	No	Yes	NA	NA	NA	NA	NA	NA	NA	NA	NA	NA	NA	NA	NA	NA	NA	NA	NA	NA	NA	NA	NA	NA	NA	NA	NA	NA	NA	NA	NA	NA	NA	NA	NA	NA	NA	NA	NA	NA	NA	NA	Yes	3	4
17	Yes	Yes	Yes	Yes	Yes	Yes	Researcher - mid career	Occasional user	Unselected	Unselected	Unselected	Unselected	Unselected	Unselected	NA	3	5	2	3	2	1	2	man	NA	No	No	NA	NA	No	NA	NA	No	NA	NA	No	german	No	Yes	NA	NA	NA	NA	NA	NA	NA	NA	NA	NA	NA	NA	NA	NA	NA	NA	NA	NA	NA	NA	NA	NA	NA	NA	NA	NA	NA	NA	NA	NA	NA	NA	NA	NA	NA	NA	NA	NA	NA	NA	No	3	5
20	Yes	Yes	Yes	Yes	Yes	Yes	Researcher - early career	Occasional user	Unselected	Unselected	Unselected	Unselected	Unselected	Unselected	NA	2	4	4	4	1	3	5	woman	NA	No	No	NA	NA	Yes	jewish	No	No	NA	NA	Yes	NA	NA	Yes	NA	NA	NA	NA	NA	NA	NA	NA	NA	NA	NA	NA	NA	NA	NA	NA	NA	NA	NA	NA	NA	NA	NA	NA	NA	NA	NA	NA	NA	NA	NA	NA	NA	NA	NA	NA	NA	NA	NA	NA	No	4	5
21	Yes	Yes	Yes	Yes	Yes	Yes	Researcher - early career	Occasional user	Unselected	Unselected	Unselected	Unselected	Unselected	Unselected	NA	3	5	3	5	1	3	2	man	NA	No	No	NA	NA	No	NA	NA	No	NA	NA	Yes	NA	NA	NA	NA	NA	NA	NA	NA	NA	NA	NA	NA	NA	NA	NA	NA	NA	NA	NA	NA	NA	NA	NA	NA	NA	NA	NA	NA	NA	NA	NA	NA	NA	NA	NA	NA	NA	NA	NA	NA	NA	NA	NA	No	5	6
22	Yes	Yes	Yes	Yes	Yes	Yes	Researcher - mid career	Frequent user	Unselected	Unselected	Unselected	Unselected	Unselected	Unselected	NA	3	3	5	5	1	4	2	man	NA	No	No	NA	NA	No	NA	NA	No	NA	NA	No	portuguese	No	Yes	NA	NA	NA	NA	NA	NA	NA	NA	NA	NA	NA	NA	NA	NA	NA	NA	NA	NA	NA	NA	NA	NA	NA	NA	NA	NA	NA	NA	NA	NA	NA	NA	NA	NA	NA	NA	NA	NA	NA	NA	No	6	4
23	Yes	Yes	Yes	Yes	Yes	Yes	Researcher - early career	Frequent user	Unselected	Unselected	Unselected	Unselected	Unselected	Unselected	NA	1	3	3	4	1	1	5	man	NA	No	No	NA	NA	No	NA	NA	Yes	adhd, dyspraxia	No	Yes	NA	NA	Yes	NA	NA	NA	NA	NA	NA	NA	NA	NA	NA	NA	NA	NA	NA	NA	NA	NA	NA	NA	NA	NA	NA	NA	NA	NA	NA	NA	NA	NA	NA	NA	NA	NA	NA	NA	NA	NA	NA	NA	NA	Yes	4	5
24	Yes	Yes	Yes	Yes	Yes	Yes	Researcher - early career	Occasional contributor	Unselected	Unselected	Selected	Unselected	Unselected	Unselected	NA	2	5	1	1	1	1	5	man	NA	No	Yes	gay	No	Yes	latino	No	No	NA	NA	Yes	NA	NA	Yes	NA	NA	NA	NA	NA	NA	NA	NA	NA	NA	NA	NA	NA	NA	NA	NA	NA	NA	NA	NA	NA	NA	NA	NA	NA	NA	NA	NA	NA	NA	NA	NA	NA	NA	NA	NA	NA	NA	NA	NA	No	1	5
25	Yes	Yes	Yes	Yes	Yes	Yes	Researcher - early career	Frequent user	Unselected	Unselected	Unselected	Unselected	Unselected	Unselected	NA	2	2	3	4	3	3	2	woman	NA	No	Yes	NA	No	Yes	NA	No	No	NA	NA	No	mandarin	No	Yes	NA	NA	NA	NA	NA	NA	NA	NA	NA	NA	NA	NA	NA	NA	NA	NA	NA	NA	NA	NA	NA	NA	NA	NA	NA	NA	NA	NA	NA	NA	NA	NA	NA	NA	NA	NA	NA	NA	NA	NA	Yes	7	7
26	Yes	Yes	Yes	Yes	Yes	Yes	Researcher - mid career	Frequent user	Unselected	Unselected	Unselected	Unselected	Unselected	Unselected	NA	1	2	4	2	3	4	5	man	NA	No	No	NA	NA	Yes	NA	No	No	NA	NA	No	NA	No	NA	NA	NA	NA	NA	NA	NA	NA	NA	NA	NA	NA	NA	NA	NA	NA	NA	NA	NA	NA	NA	NA	NA	NA	NA	NA	NA	NA	NA	NA	NA	NA	NA	NA	NA	NA	NA	NA	NA	NA	NA	Yes	5	7
27	Yes	Yes	Yes	Yes	Yes	Yes	Researcher - early career	Occasional user	Unselected	Unselected	Unselected	Unselected	Unselected	Unselected	NA	3	2	3	3	3	3	3	woman	NA	No	No	NA	NA	No	NA	NA	Yes	adhd	No	Yes	NA	NA	Yes	NA	NA	NA	NA	NA	NA	NA	NA	NA	NA	NA	NA	NA	NA	NA	NA	NA	NA	NA	NA	NA	NA	NA	NA	NA	NA	NA	NA	NA	NA	NA	NA	NA	NA	NA	NA	NA	NA	NA	NA	Yes	5	5
28	Yes	Yes	Yes	Yes	Yes	Yes	Researcher - mid career	Occasional user	Unselected	Unselected	Unselected	Unselected	Unselected	Unselected	NA	1	5	2	2	1	1	3	woman	NA	No	No	NA	NA	No	NA	NA	No	NA	NA	Yes	NA	NA	NA	NA	NA	NA	NA	NA	NA	NA	NA	NA	NA	NA	NA	NA	NA	NA	NA	NA	NA	NA	NA	NA	NA	NA	NA	NA	NA	NA	NA	NA	NA	NA	NA	NA	NA	NA	NA	NA	NA	NA	NA	No	7	7
29	Yes	Yes	Yes	Yes	Yes	Yes	Researcher - mid career	Occasional user	Unselected	Unselected	Unselected	Unselected	Unselected	Unselected	NA	1	5	2	3	1	1	3	woman	NA	No	No	NA	NA	No	NA	NA	Yes	essential tremor affects speech.	No	Yes	NA	NA	Yes	NA	NA	NA	NA	NA	NA	NA	NA	NA	NA	NA	NA	NA	NA	NA	NA	NA	NA	NA	NA	NA	NA	NA	NA	NA	NA	NA	NA	NA	NA	NA	NA	NA	NA	NA	NA	NA	NA	NA	NA	Yes	4	6
30	Yes	Yes	Yes	Yes	Yes	Yes	Researcher - early career	Frequent user	Unselected	Unselected	Unselected	Unselected	Unselected	Unselected	NA	1	4	3	4	1	5	3	man	NA	No	No	NA	NA	No	NA	NA	No	NA	NA	No	arabic	No	Yes	NA	NA	NA	NA	NA	NA	NA	NA	NA	NA	NA	NA	NA	NA	NA	NA	NA	NA	NA	NA	NA	NA	NA	NA	NA	NA	NA	NA	NA	NA	NA	NA	NA	NA	NA	NA	NA	NA	NA	NA	No	5	7
31	Yes	Yes	Yes	Yes	Yes	Yes	Researcher - early career	Frequent user	Unselected	Unselected	Unselected	Unselected	Unselected	Unselected	NA	1	3	5	5	1	1	1	woman	NA	No	No	NA	NA	No	NA	NA	No	NA	NA	No	french	No	Yes	NA	NA	NA	NA	NA	NA	NA	NA	NA	NA	NA	NA	NA	NA	NA	NA	NA	NA	NA	NA	NA	NA	NA	NA	NA	NA	NA	NA	NA	NA	NA	NA	NA	NA	NA	NA	NA	NA	NA	NA	Yes	7	7
32	Yes	Yes	Yes	Yes	Yes	Yes	Researcher - early career	Occasional user	Unselected	Unselected	Unselected	Unselected	Unselected	Unselected	NA	2	5	3	5	1	2	5	woman	NA	No	No	NA	NA	No	NA	NA	No	NA	NA	No	greek	No	Yes	NA	NA	NA	NA	NA	NA	NA	NA	NA	NA	NA	NA	NA	NA	NA	NA	NA	NA	NA	NA	NA	NA	NA	NA	NA	NA	NA	NA	NA	NA	NA	NA	NA	NA	NA	NA	NA	NA	NA	NA	Yes	5	5
33	Yes	Yes	Yes	Yes	Yes	Yes	Researcher - early career	Frequent user	Unselected	Unselected	Unselected	Unselected	Unselected	Unselected	NA	1	1	5	5	5	5	3	woman	NA	No	No	NA	NA	No	NA	NA	No	NA	NA	Yes	NA	NA	NA	NA	NA	NA	NA	NA	NA	NA	NA	NA	NA	NA	NA	NA	NA	NA	NA	NA	NA	NA	NA	NA	NA	NA	NA	NA	NA	NA	NA	NA	NA	NA	NA	NA	NA	NA	NA	NA	NA	NA	NA	Yes	7	7
34	Yes	Yes	Yes	Yes	Yes	Yes	Researcher - senior	Occasional user	Unselected	Unselected	Unselected	Unselected	Unselected	Unselected	NA	3	5	3	5	1	1	2	man	NA	No	No	NA	NA	No	NA	NA	No	NA	NA	Yes	NA	NA	NA	NA	NA	NA	NA	NA	NA	NA	NA	NA	NA	NA	NA	NA	NA	NA	NA	NA	NA	NA	NA	NA	NA	NA	NA	NA	NA	NA	NA	NA	NA	NA	NA	NA	NA	NA	NA	NA	NA	NA	NA	No	3	6
35	Yes	Yes	Yes	Yes	Yes	Yes	Researcher - early career	Frequent user	Unselected	Unselected	Unselected	Unselected	Unselected	Unselected	NA	3	5	1	1	1	1	2	woman	NA	No	Yes	bisexual	No	No	NA	NA	No	NA	NA	Yes	NA	NA	Yes	NA	NA	NA	NA	NA	NA	NA	NA	NA	NA	NA	NA	NA	NA	NA	NA	NA	NA	NA	NA	NA	NA	NA	NA	NA	NA	NA	NA	NA	NA	NA	NA	NA	NA	NA	NA	NA	NA	NA	NA	No	7	3
36	Yes	Yes	Yes	Yes	Yes	Yes	Researcher - early career	Frequent user	Unselected	Unselected	Unselected	Unselected	Unselected	Unselected	NA	1	3	5	3	3	2	5	man	NA	No	No	NA	NA	No	NA	NA	No	NA	NA	Yes	NA	NA	NA	NA	NA	NA	NA	NA	NA	NA	NA	NA	NA	NA	NA	NA	NA	NA	NA	NA	NA	NA	NA	NA	NA	NA	NA	NA	NA	NA	NA	NA	NA	NA	NA	NA	NA	NA	NA	NA	NA	NA	NA	Yes	7	7
37	Yes	Yes	Yes	Yes	Yes	Yes	Technical - junior	Frequent user	Unselected	Unselected	Unselected	Unselected	Unselected	Unselected	NA	1	1	1	2	2	4	3	not listed	non binary (agender)	No	Yes	homosexual	No	No	NA	NA	Yes	asd	No	Yes	NA	NA	Yes	NA	NA	NA	NA	NA	NA	NA	NA	NA	NA	NA	NA	NA	NA	NA	NA	NA	NA	NA	NA	NA	NA	NA	NA	NA	NA	NA	NA	NA	NA	NA	NA	NA	NA	NA	NA	NA	NA	NA	NA	Yes	5	6
38	Yes	Yes	Yes	Yes	Yes	Yes	Researcher - early career	Occasional contributor	Unselected	Selected	Unselected	Unselected	Unselected	Unselected	NA	1	1	2	2	2	2	3	man	NA	No	No	NA	NA	No	NA	NA	No	NA	NA	No	korean	Yes	Yes	NA	NA	NA	NA	NA	NA	NA	NA	NA	NA	NA	NA	NA	NA	NA	NA	NA	NA	NA	NA	NA	NA	NA	NA	NA	NA	NA	NA	NA	NA	NA	NA	1	1	1	1	1	1	1	3	No	3	4
39	Yes	Yes	Yes	Yes	Yes	Yes	Technical - senior	Occasional user	Unselected	Unselected	Unselected	Unselected	Unselected	Unselected	NA	2	5	1	3	1	1	1	man	NA	No	No	NA	NA	No	NA	NA	No	NA	NA	Yes	NA	NA	Yes	NA	NA	NA	NA	NA	NA	NA	NA	NA	NA	NA	NA	NA	NA	NA	NA	NA	NA	NA	NA	NA	NA	NA	NA	NA	NA	NA	NA	NA	NA	NA	NA	NA	NA	NA	NA	NA	NA	NA	NA	Yes	5	6
40	Yes	Yes	Yes	Yes	Yes	Yes	Researcher - mid career	Frequent user	Unselected	Unselected	Unselected	Unselected	Unselected	Unselected	NA	1	3	1	1	2	4	3	man	NA	No	No	NA	NA	Yes	mix of asian and suriname	No	No	NA	NA	No	dutch	No	Yes	NA	NA	NA	NA	NA	NA	NA	NA	NA	NA	NA	NA	NA	NA	NA	NA	NA	NA	NA	NA	NA	NA	NA	NA	NA	NA	NA	NA	NA	NA	NA	NA	NA	NA	NA	NA	NA	NA	NA	NA	Yes	6	6
41	Yes	Yes	Yes	Yes	Yes	Yes	Researcher - early career	Frequent user	Unselected	Unselected	Unselected	Unselected	Unselected	Unselected	NA	1	3	5	5	3	4	5	man	NA	No	No	NA	NA	Yes	asian	No	No	NA	NA	No	chinese	Yes	Yes	NA	NA	NA	NA	NA	NA	NA	NA	NA	NA	NA	NA	NA	NA	NA	NA	NA	NA	NA	NA	NA	NA	NA	NA	NA	NA	NA	NA	NA	NA	NA	NA	1	1	1	1	1	4	5	7	No	7	4
42	Yes	Yes	Yes	Yes	Yes	Yes	Researcher - early career	Occasional user	Unselected	Unselected	Unselected	Unselected	Unselected	Unselected	NA	1	5	3	3	3	3	4	man	NA	No	No	NA	NA	Yes	a member of an asian community in north american culture	No	No	NA	NA	No	mandarin chinese	No	Yes	NA	NA	NA	NA	NA	NA	NA	NA	NA	NA	NA	NA	NA	NA	NA	NA	NA	NA	NA	NA	NA	NA	NA	NA	NA	NA	NA	NA	NA	NA	NA	NA	NA	NA	NA	NA	NA	NA	NA	NA	Yes	5	5
43	Yes	Yes	Yes	Yes	Yes	Yes	Researcher - early career	Occasional user	Unselected	Unselected	Unselected	Unselected	Unselected	Unselected	NA	4	4	2	5	1	4	4	woman	NA	No	No	NA	NA	No	NA	NA	No	NA	NA	No	swedish	No	Yes	NA	NA	NA	NA	NA	NA	NA	NA	NA	NA	NA	NA	NA	NA	NA	NA	NA	NA	NA	NA	NA	NA	NA	NA	NA	NA	NA	NA	NA	NA	NA	NA	NA	NA	NA	NA	NA	NA	NA	NA	Yes	6	6
44	Yes	Yes	Yes	Yes	Yes	Yes	NA	Occasional user	Unselected	Unselected	Unselected	Unselected	Unselected	Unselected	NA	1	2	2	3	1	2	5	woman	NA	No	Yes	queer	No	No	NA	NA	No	NA	NA	Yes	NA	NA	Yes	NA	NA	NA	NA	NA	NA	NA	NA	NA	NA	NA	NA	NA	NA	NA	NA	NA	NA	NA	NA	NA	NA	NA	NA	NA	NA	NA	NA	NA	NA	NA	NA	NA	NA	NA	NA	NA	NA	NA	NA	Yes	5	5
45	Yes	Yes	Yes	Yes	Yes	Yes	Researcher - mid career	Occasional contributor	Unselected	Selected	Unselected	Unselected	Unselected	Unselected	NA	1	5	2	2	1	1	2	man	NA	No	No	NA	NA	No	NA	NA	No	NA	NA	Yes	NA	NA	NA	NA	NA	NA	NA	NA	NA	NA	NA	NA	NA	NA	NA	NA	NA	NA	NA	NA	NA	NA	NA	NA	NA	NA	NA	NA	NA	NA	NA	NA	NA	NA	NA	NA	NA	NA	NA	NA	NA	NA	NA	No	1	5
47	Yes	Yes	Yes	Yes	Yes	Yes	Researcher - early career	Occasional user	Unselected	Unselected	Unselected	Unselected	Unselected	Unselected	NA	NA	5	5	4	3	1	2	man	NA	No	No	NA	NA	No	NA	NA	Yes	adhd, dyspraxia, dyslexia	Yes	Yes	NA	NA	Yes	NA	NA	NA	NA	NA	NA	NA	NA	NA	NA	NA	NA	NA	NA	NA	NA	NA	NA	NA	NA	NA	NA	NA	NA	2	2	2	2	2	7	7	7	NA	NA	NA	NA	NA	NA	NA	NA	Yes	2	7
48	Yes	Yes	Yes	Yes	Yes	Yes	Researcher - early career	Frequent user	Unselected	Unselected	Unselected	Unselected	Unselected	Unselected	NA	1	4	5	2	3	1	4	man	NA	No	No	NA	NA	No	NA	NA	No	NA	NA	No	german	No	Yes	NA	NA	NA	NA	NA	NA	NA	NA	NA	NA	NA	NA	NA	NA	NA	NA	NA	NA	NA	NA	NA	NA	NA	NA	NA	NA	NA	NA	NA	NA	NA	NA	NA	NA	NA	NA	NA	NA	NA	NA	Yes	5	6
49	Yes	Yes	Yes	Yes	Yes	Yes	Researcher - early career	Frequent user	Unselected	Unselected	Unselected	Unselected	Unselected	Unselected	NA	2	3	2	1	1	4	4	woman	NA	No	Yes	lesbian	No	No	NA	NA	No	NA	NA	Yes	NA	NA	Yes	NA	NA	NA	NA	NA	NA	NA	NA	NA	NA	NA	NA	NA	NA	NA	NA	NA	NA	NA	NA	NA	NA	NA	NA	NA	NA	NA	NA	NA	NA	NA	NA	NA	NA	NA	NA	NA	NA	NA	NA	No	4	6
50	Yes	Yes	Yes	Yes	Yes	Yes	NA	Frequent user	Unselected	Unselected	Unselected	Unselected	Unselected	Unselected	NA	1	1	5	5	1	1	1	not listed	gender fluid	No	Yes	pansexual	No	Yes	black-american	No	No	NA	NA	Yes	NA	NA	Yes	NA	NA	NA	NA	NA	NA	NA	NA	NA	NA	NA	NA	NA	NA	NA	NA	NA	NA	NA	NA	NA	NA	NA	NA	NA	NA	NA	NA	NA	NA	NA	NA	NA	NA	NA	NA	NA	NA	NA	NA	Yes	5	7
51	Yes	Yes	Yes	Yes	Yes	Yes	Researcher - early career	Frequent user	Unselected	Unselected	Unselected	Unselected	Unselected	Unselected	NA	1	5	3	1	3	5	5	woman	NA	No	No	NA	NA	Yes	NA	No	Yes	NA	Yes	Yes	NA	NA	NA	NA	NA	NA	NA	NA	NA	NA	NA	NA	NA	NA	NA	NA	NA	NA	NA	NA	NA	NA	NA	NA	NA	NA	NA	1	5	2	1	1	5	4	7	NA	NA	NA	NA	NA	NA	NA	NA	Yes	4	3
52	Yes	Yes	Yes	Yes	Yes	Yes	Researcher - early career	Frequent user	Unselected	Unselected	Unselected	Unselected	Unselected	Unselected	NA	1	4	2	4	1	1	NA	woman	NA	NA	No	NA	NA	No	NA	NA	No	NA	NA	Yes	NA	NA	NA	NA	NA	NA	NA	NA	NA	NA	NA	NA	NA	NA	NA	NA	NA	NA	NA	NA	NA	NA	NA	NA	NA	NA	NA	NA	NA	NA	NA	NA	NA	NA	NA	NA	NA	NA	NA	NA	NA	NA	NA	Yes	6	6
53	Yes	Yes	Yes	Yes	Yes	Yes	Researcher - early career	Frequent user	Unselected	Unselected	Unselected	Unselected	Unselected	Unselected	NA	3	4	4	4	2	4	3	man	NA	No	No	NA	NA	No	NA	NA	No	NA	NA	Yes	NA	NA	NA	NA	NA	NA	NA	NA	NA	NA	NA	NA	NA	NA	NA	NA	NA	NA	NA	NA	NA	NA	NA	NA	NA	NA	NA	NA	NA	NA	NA	NA	NA	NA	NA	NA	NA	NA	NA	NA	NA	NA	NA	Yes	5	5
54	Yes	Yes	Yes	Yes	Yes	Yes	Researcher - early career	Frequent user	Unselected	Unselected	Unselected	Unselected	Unselected	Unselected	NA	2	5	4	3	1	4	4	man	NA	No	No	NA	NA	No	NA	NA	No	NA	NA	Yes	NA	NA	NA	NA	NA	NA	NA	NA	NA	NA	NA	NA	NA	NA	NA	NA	NA	NA	NA	NA	NA	NA	NA	NA	NA	NA	NA	NA	NA	NA	NA	NA	NA	NA	NA	NA	NA	NA	NA	NA	NA	NA	NA	No	5	5
55	Yes	Yes	Yes	Yes	Yes	Yes	Researcher - mid career	Occasional contributor	Unselected	Selected	Unselected	Unselected	Unselected	Unselected	NA	1	4	3	3	1	2	4	woman	NA	No	No	NA	NA	No	NA	NA	No	NA	NA	Yes	NA	NA	NA	NA	NA	NA	NA	NA	NA	NA	NA	NA	NA	NA	NA	NA	NA	NA	NA	NA	NA	NA	NA	NA	NA	NA	NA	NA	NA	NA	NA	NA	NA	NA	NA	NA	NA	NA	NA	NA	NA	NA	NA	Yes	6	6
56	Yes	Yes	Yes	Yes	Yes	Yes	Researcher - senior	Occasional user	Unselected	Unselected	Unselected	Unselected	Unselected	Unselected	NA	1	3	3	5	3	2	1	man	NA	No	No	NA	NA	Yes	european	Yes	No	NA	NA	No	NA	Yes	Yes	NA	NA	NA	NA	NA	NA	NA	NA	NA	NA	NA	NA	NA	NA	NA	NA	6	5	6	2	6	6	6	7	NA	NA	NA	NA	NA	NA	NA	NA	7	7	7	3	2	4	4	7	Yes	1	2
57	Yes	Yes	Yes	Yes	Yes	Yes	Researcher - early career	Occasional user	Unselected	Unselected	Unselected	Unselected	Unselected	Unselected	NA	1	3	2	3	1	5	5	woman	NA	No	No	NA	NA	No	NA	NA	No	NA	NA	No	german	No	Yes	NA	NA	NA	NA	NA	NA	NA	NA	NA	NA	NA	NA	NA	NA	NA	NA	NA	NA	NA	NA	NA	NA	NA	NA	NA	NA	NA	NA	NA	NA	NA	NA	NA	NA	NA	NA	NA	NA	NA	NA	NA	5	5
58	Yes	Yes	Yes	Yes	Yes	Yes	Researcher - early career	Occasional user	Unselected	Unselected	Unselected	Unselected	Unselected	Unselected	NA	5	5	5	5	5	5	5	man	NA	NA	No	NA	NA	Yes	mexican american	No	No	NA	NA	Yes	NA	NA	Yes	NA	NA	NA	NA	NA	NA	NA	NA	NA	NA	NA	NA	NA	NA	NA	NA	NA	NA	NA	NA	NA	NA	NA	NA	NA	NA	NA	NA	NA	NA	NA	NA	NA	NA	NA	NA	NA	NA	NA	NA	No	1	4
60	Yes	Yes	Yes	Yes	Yes	Yes	Researcher - early career	Frequent user	Unselected	Unselected	Unselected	Unselected	Unselected	Unselected	NA	1	5	3	3	1	1	5	woman	NA	No	No	NA	NA	No	NA	NA	No	NA	NA	Yes	NA	NA	NA	NA	NA	NA	NA	NA	NA	NA	NA	NA	NA	NA	NA	NA	NA	NA	NA	NA	NA	NA	NA	NA	NA	NA	NA	NA	NA	NA	NA	NA	NA	NA	NA	NA	NA	NA	NA	NA	NA	NA	NA	No	7	4
61	Yes	Yes	Yes	Yes	Yes	Yes	Researcher - early career	Frequent user	Unselected	Unselected	Unselected	Unselected	Unselected	Unselected	NA	1	3	3	3	1	4	4	woman	NA	No	No	NA	NA	No	NA	NA	Yes	mdd	No	Yes	NA	NA	Yes	NA	NA	NA	NA	NA	NA	NA	NA	NA	NA	NA	NA	NA	NA	NA	NA	NA	NA	NA	NA	NA	NA	NA	NA	NA	NA	NA	NA	NA	NA	NA	NA	NA	NA	NA	NA	NA	NA	NA	NA	Yes	5	6
63	Yes	Yes	Yes	Yes	Yes	Yes	Researcher - early career	Frequent user	Unselected	Unselected	Unselected	Unselected	Unselected	Unselected	NA	4	5	4	5	3	3	4	woman	NA	No	No	NA	NA	No	NA	NA	No	NA	NA	Yes	NA	NA	NA	NA	NA	NA	NA	NA	NA	NA	NA	NA	NA	NA	NA	NA	NA	NA	NA	NA	NA	NA	NA	NA	NA	NA	NA	NA	NA	NA	NA	NA	NA	NA	NA	NA	NA	NA	NA	NA	NA	NA	NA	Yes	5	6
64	Yes	Yes	Yes	Yes	Yes	Yes	Technical - senior	Frequent user	Unselected	Unselected	Unselected	Unselected	Unselected	Unselected	NA	2	4	2	1	1	1	3	woman	NA	No	No	NA	NA	No	NA	NA	Yes	chronic depression and anxiety	No	Yes	NA	NA	Yes	NA	NA	NA	NA	NA	NA	NA	NA	NA	NA	NA	NA	NA	NA	NA	NA	NA	NA	NA	NA	NA	NA	NA	NA	NA	NA	NA	NA	NA	NA	NA	NA	NA	NA	NA	NA	NA	NA	NA	NA	Yes	5	4
65	Yes	Yes	Yes	Yes	Yes	Yes	Researcher - senior	Occasional contributor	Unselected	Selected	Unselected	Unselected	Unselected	Unselected	NA	2	3	4	5	1	1	3	man	NA	No	No	NA	NA	No	NA	NA	No	NA	NA	No	german	No	Yes	NA	NA	NA	NA	NA	NA	NA	NA	NA	NA	NA	NA	NA	NA	NA	NA	NA	NA	NA	NA	NA	NA	NA	NA	NA	NA	NA	NA	NA	NA	NA	NA	NA	NA	NA	NA	NA	NA	NA	NA	No	3	4
66	Yes	Yes	Yes	Yes	Yes	Yes	Researcher - mid career	Frequent user	Unselected	Unselected	Unselected	Unselected	Unselected	Unselected	NA	3	4	4	3	4	3	NA	woman	NA	No	No	NA	NA	No	NA	NA	No	NA	NA	Yes	NA	NA	NA	NA	NA	NA	NA	NA	NA	NA	NA	NA	NA	NA	NA	NA	NA	NA	NA	NA	NA	NA	NA	NA	NA	NA	NA	NA	NA	NA	NA	NA	NA	NA	NA	NA	NA	NA	NA	NA	NA	NA	NA	Yes	3	4
67	Yes	Yes	Yes	Yes	Yes	Yes	Researcher - early career	Occasional contributor	Unselected	Selected	Unselected	Unselected	Unselected	Unselected	NA	1	3	1	2	1	1	1	man	NA	No	No	NA	NA	No	NA	NA	No	NA	NA	No	german	No	Yes	NA	NA	NA	NA	NA	NA	NA	NA	NA	NA	NA	NA	NA	NA	NA	NA	NA	NA	NA	NA	NA	NA	NA	NA	NA	NA	NA	NA	NA	NA	NA	NA	NA	NA	NA	NA	NA	NA	NA	NA	Yes	2	4
68	Yes	Yes	Yes	Yes	Yes	Yes	Technical - junior	Frequent user	Unselected	Unselected	Unselected	Unselected	Unselected	Unselected	NA	1	1	5	5	1	4	3	man	NA	No	No	NA	NA	No	NA	NA	Yes	multiple sclerosis	No	Yes	NA	NA	Yes	NA	NA	NA	NA	NA	NA	NA	NA	NA	NA	NA	NA	NA	NA	NA	NA	NA	NA	NA	NA	NA	NA	NA	NA	NA	NA	NA	NA	NA	NA	NA	NA	NA	NA	NA	NA	NA	NA	NA	NA	Yes	7	7
69	Yes	Yes	Yes	Yes	Yes	Yes	Technical - senior	Occasional user	Unselected	Unselected	Unselected	Unselected	Unselected	Unselected	NA	4	5	4	2	2	5	2	woman	NA	NA	No	NA	NA	No	NA	NA	No	NA	NA	Yes	NA	NA	NA	NA	NA	NA	NA	NA	NA	NA	NA	NA	NA	NA	NA	NA	NA	NA	NA	NA	NA	NA	NA	NA	NA	NA	NA	NA	NA	NA	NA	NA	NA	NA	NA	NA	NA	NA	NA	NA	NA	NA	NA	Yes	6	4
70	Yes	Yes	Yes	Yes	Yes	Yes	Researcher - early career	Frequent user	Unselected	Unselected	Unselected	Unselected	Unselected	Unselected	NA	NA	NA	NA	NA	NA	NA	NA	woman	NA	No	No	NA	NA	No	NA	NA	No	NA	NA	Yes	NA	NA	NA	NA	NA	NA	NA	NA	NA	NA	NA	NA	NA	NA	NA	NA	NA	NA	NA	NA	NA	NA	NA	NA	NA	NA	NA	NA	NA	NA	NA	NA	NA	NA	NA	NA	NA	NA	NA	NA	NA	NA	NA	Yes	5	7
71	Yes	Yes	Yes	Yes	Yes	Yes	Technical - senior	Occasional contributor	Unselected	Unselected	Unselected	Unselected	Unselected	Selected	I'm not sure I fully understand the question sorry. I support researchers in our department by sometimes coding for them, sometimes teaching them and sometimes fixing issues. But I don't contribute as such to the wider community	3	5	3	3	2	2	5	woman	NA	No	No	NA	NA	No	NA	NA	No	NA	NA	Yes	NA	NA	NA	NA	NA	NA	NA	NA	NA	NA	NA	NA	NA	NA	NA	NA	NA	NA	NA	NA	NA	NA	NA	NA	NA	NA	NA	NA	NA	NA	NA	NA	NA	NA	NA	NA	NA	NA	NA	NA	NA	NA	NA	Yes	4	5
72	Yes	Yes	Yes	Yes	Yes	Yes	Researcher - senior	Frequent user	Unselected	Unselected	Unselected	Unselected	Unselected	Unselected	NA	1	2	1	1	1	1	2	woman	NA	No	No	NA	NA	No	NA	NA	No	NA	NA	Yes	NA	NA	NA	NA	NA	NA	NA	NA	NA	NA	NA	NA	NA	NA	NA	NA	NA	NA	NA	NA	NA	NA	NA	NA	NA	NA	NA	NA	NA	NA	NA	NA	NA	NA	NA	NA	NA	NA	NA	NA	NA	NA	NA	Yes	6	6
73	Yes	Yes	Yes	Yes	Yes	Yes	Researcher - early career	Occasional user	Unselected	Unselected	Unselected	Unselected	Unselected	Unselected	NA	2	4	4	2	1	3	2	man	NA	No	Yes	bisexual	No	Yes	jewish israeli	No	No	NA	NA	Yes	NA	NA	Yes	NA	NA	NA	NA	NA	NA	NA	NA	NA	NA	NA	NA	NA	NA	NA	NA	NA	NA	NA	NA	NA	NA	NA	NA	NA	NA	NA	NA	NA	NA	NA	NA	NA	NA	NA	NA	NA	NA	NA	NA	No	5	NA
74	Yes	Yes	Yes	Yes	Yes	Yes	Researcher - early career	Occasional user	Unselected	Unselected	Unselected	Unselected	Unselected	Unselected	NA	1	3	4	4	2	1	4	woman	NA	No	No	NA	NA	No	NA	NA	No	NA	NA	Yes	NA	NA	NA	NA	NA	NA	NA	NA	NA	NA	NA	NA	NA	NA	NA	NA	NA	NA	NA	NA	NA	NA	NA	NA	NA	NA	NA	NA	NA	NA	NA	NA	NA	NA	NA	NA	NA	NA	NA	NA	NA	NA	NA	Yes	5	7
75	Yes	Yes	Yes	Yes	Yes	Yes	Researcher - mid career	Occasional user	Unselected	Unselected	Unselected	Unselected	Unselected	Unselected	NA	3	5	4	4	2	3	3	man	NA	No	No	NA	NA	No	NA	NA	No	NA	NA	No	NA	Yes	NA	NA	NA	NA	NA	NA	NA	NA	NA	NA	NA	NA	NA	NA	NA	NA	NA	NA	NA	NA	NA	NA	NA	NA	NA	NA	NA	NA	NA	NA	NA	NA	NA	4	5	2	1	1	6	6	6	No	3	5
76	Yes	Yes	Yes	Yes	Yes	Yes	Researcher - mid career	Frequent user	Unselected	Unselected	Unselected	Unselected	Unselected	Unselected	NA	1	5	2	2	1	1	3	man	NA	No	NA	NA	NA	Yes	black	No	No	NA	NA	No	french and brazilian portuguese	Yes	Yes	NA	NA	NA	NA	NA	NA	NA	NA	NA	NA	NA	NA	NA	NA	NA	NA	NA	NA	NA	NA	NA	NA	NA	NA	NA	NA	NA	NA	NA	NA	NA	NA	1	1	1	1	1	1	1	1	Yes	4	6
77	Yes	Yes	Yes	Yes	Yes	Yes	Researcher - mid career	Frequent user	Unselected	Unselected	Unselected	Unselected	Unselected	Unselected	NA	1	2	2	5	3	1	3	man	NA	No	No	NA	NA	No	NA	NA	No	NA	NA	Yes	NA	NA	NA	NA	NA	NA	NA	NA	NA	NA	NA	NA	NA	NA	NA	NA	NA	NA	NA	NA	NA	NA	NA	NA	NA	NA	NA	NA	NA	NA	NA	NA	NA	NA	NA	NA	NA	NA	NA	NA	NA	NA	NA	Yes	5	5
79	Yes	Yes	Yes	Yes	Yes	Yes	NA	Frequent user	Unselected	Unselected	Unselected	Unselected	Unselected	Unselected	NA	2	3	5	2	5	3	5	man	NA	No	No	NA	NA	No	NA	NA	No	NA	NA	Yes	NA	NA	NA	NA	NA	NA	NA	NA	NA	NA	NA	NA	NA	NA	NA	NA	NA	NA	NA	NA	NA	NA	NA	NA	NA	NA	NA	NA	NA	NA	NA	NA	NA	NA	NA	NA	NA	NA	NA	NA	NA	NA	NA	Yes	6	7
80	Yes	Yes	Yes	Yes	Yes	Yes	NA	Occasional user	Unselected	Unselected	Unselected	Unselected	Unselected	Unselected	NA	1	2	5	5	3	1	3	woman	NA	No	No	NA	NA	No	NA	NA	No	NA	NA	Yes	NA	NA	NA	NA	NA	NA	NA	NA	NA	NA	NA	NA	NA	NA	NA	NA	NA	NA	NA	NA	NA	NA	NA	NA	NA	NA	NA	NA	NA	NA	NA	NA	NA	NA	NA	NA	NA	NA	NA	NA	NA	NA	NA	Yes	5	7
82	Yes	Yes	Yes	Yes	Yes	Yes	Researcher - early career	Occasional user	Unselected	Unselected	Unselected	Unselected	Unselected	Unselected	NA	4	4	3	1	2	2	2	man	NA	Yes	Yes	NA	Yes	No	NA	NA	No	NA	NA	Yes	NA	NA	NA	1	2	2	2	2	3	2	1	2	2	2	2	2	1	2	4	NA	NA	NA	NA	NA	NA	NA	NA	NA	NA	NA	NA	NA	NA	NA	NA	NA	NA	NA	NA	NA	NA	NA	NA	Yes	3	3
83	Yes	Yes	Yes	Yes	Yes	Yes	Researcher - early career	Occasional user	Unselected	Unselected	Unselected	Unselected	Unselected	Unselected	NA	4	4	4	4	2	4	3	woman	NA	No	No	NA	NA	No	NA	NA	Yes	ehlers danlos syndrom, invisible disability	No	Yes	NA	NA	Yes	NA	NA	NA	NA	NA	NA	NA	NA	NA	NA	NA	NA	NA	NA	NA	NA	NA	NA	NA	NA	NA	NA	NA	NA	NA	NA	NA	NA	NA	NA	NA	NA	NA	NA	NA	NA	NA	NA	NA	NA	Yes	4	4
84	Yes	Yes	Yes	Yes	Yes	Yes	Researcher - early career	Occasional user	Unselected	Unselected	Unselected	Unselected	Unselected	Unselected	NA	1	4	4	3	2	3	3	woman	NA	No	No	NA	NA	No	NA	NA	No	NA	NA	No	german	No	Yes	NA	NA	NA	NA	NA	NA	NA	NA	NA	NA	NA	NA	NA	NA	NA	NA	NA	NA	NA	NA	NA	NA	NA	NA	NA	NA	NA	NA	NA	NA	NA	NA	NA	NA	NA	NA	NA	NA	NA	NA	No	5	4
85	Yes	Yes	Yes	Yes	Yes	Yes	Researcher - early career	Frequent user	Unselected	Unselected	Unselected	Unselected	Unselected	Unselected	NA	1	3	5	3	2	3	4	man	NA	No	No	NA	NA	No	NA	NA	No	NA	NA	No	german	No	Yes	NA	NA	NA	NA	NA	NA	NA	NA	NA	NA	NA	NA	NA	NA	NA	NA	NA	NA	NA	NA	NA	NA	NA	NA	NA	NA	NA	NA	NA	NA	NA	NA	NA	NA	NA	NA	NA	NA	NA	NA	Yes	4	5
86	Yes	Yes	Yes	Yes	Yes	Yes	NA	Frequent user	Unselected	Unselected	Unselected	Unselected	Unselected	Unselected	NA	NA	5	1	2	1	1	3	man	NA	No	No	NA	NA	No	NA	NA	No	NA	NA	Yes	NA	NA	NA	NA	NA	NA	NA	NA	NA	NA	NA	NA	NA	NA	NA	NA	NA	NA	NA	NA	NA	NA	NA	NA	NA	NA	NA	NA	NA	NA	NA	NA	NA	NA	NA	NA	NA	NA	NA	NA	NA	NA	NA	Yes	6	5
87	Yes	Yes	Yes	Yes	Yes	Yes	Researcher - early career	Occasional user	Unselected	Unselected	Unselected	Unselected	Unselected	Unselected	NA	1	1	5	4	5	5	5	woman	NA	No	No	NA	NA	No	NA	NA	No	NA	NA	Yes	NA	NA	NA	NA	NA	NA	NA	NA	NA	NA	NA	NA	NA	NA	NA	NA	NA	NA	NA	NA	NA	NA	NA	NA	NA	NA	NA	NA	NA	NA	NA	NA	NA	NA	NA	NA	NA	NA	NA	NA	NA	NA	NA	Yes	2	3
88	Yes	Yes	Yes	Yes	Yes	Yes	Researcher - senior	Occasional contributor	Unselected	Selected	Unselected	Unselected	Unselected	Selected	posting code examples	2	3	2	2	2	2	2	man	NA	No	No	NA	NA	No	NA	NA	No	NA	NA	Yes	NA	NA	NA	NA	NA	NA	NA	NA	NA	NA	NA	NA	NA	NA	NA	NA	NA	NA	NA	NA	NA	NA	NA	NA	NA	NA	NA	NA	NA	NA	NA	NA	NA	NA	NA	NA	NA	NA	NA	NA	NA	NA	NA	Yes	3	5
89	Yes	Yes	Yes	Yes	Yes	Yes	Researcher - mid career	Frequent user	Unselected	Unselected	Unselected	Unselected	Unselected	Unselected	NA	3	5	2	3	2	1	2	woman	NA	No	No	NA	NA	No	NA	NA	No	NA	NA	Yes	NA	NA	NA	NA	NA	NA	NA	NA	NA	NA	NA	NA	NA	NA	NA	NA	NA	NA	NA	NA	NA	NA	NA	NA	NA	NA	NA	NA	NA	NA	NA	NA	NA	NA	NA	NA	NA	NA	NA	NA	NA	NA	NA	No	7	5
91	Yes	Yes	Yes	Yes	Yes	Yes	Researcher - mid career	Occasional contributor	Unselected	Unselected	Unselected	Selected	Unselected	Unselected	NA	1	4	2	1	1	1	1	man	NA	No	No	NA	NA	No	NA	NA	No	NA	NA	Yes	NA	NA	NA	NA	NA	NA	NA	NA	NA	NA	NA	NA	NA	NA	NA	NA	NA	NA	NA	NA	NA	NA	NA	NA	NA	NA	NA	NA	NA	NA	NA	NA	NA	NA	NA	NA	NA	NA	NA	NA	NA	NA	NA	Yes	4	4
92	Yes	Yes	Yes	Yes	Yes	Yes	Researcher - mid career	Frequent user	Unselected	Unselected	Unselected	Unselected	Unselected	Unselected	NA	1	5	3	3	1	5	5	woman	NA	No	No	NA	NA	Yes	muslim	No	No	NA	NA	No	arabic	No	Yes	NA	NA	NA	NA	NA	NA	NA	NA	NA	NA	NA	NA	NA	NA	NA	NA	NA	NA	NA	NA	NA	NA	NA	NA	NA	NA	NA	NA	NA	NA	NA	NA	NA	NA	NA	NA	NA	NA	NA	NA	Yes	6	6
93	Yes	Yes	Yes	Yes	Yes	Yes	Researcher - early career	Occasional contributor	Unselected	Selected	Selected	Unselected	Unselected	Unselected	NA	1	5	2	2	2	1	2	woman	NA	No	No	NA	NA	No	NA	NA	No	NA	NA	Yes	NA	NA	NA	NA	NA	NA	NA	NA	NA	NA	NA	NA	NA	NA	NA	NA	NA	NA	NA	NA	NA	NA	NA	NA	NA	NA	NA	NA	NA	NA	NA	NA	NA	NA	NA	NA	NA	NA	NA	NA	NA	NA	NA	Yes	5	7
94	Yes	Yes	Yes	Yes	Yes	Yes	Technical - senior	Occasional user	Unselected	Unselected	Unselected	Unselected	Unselected	Unselected	NA	1	5	5	1	1	1	3	man	NA	No	No	NA	NA	No	NA	NA	No	NA	NA	Yes	NA	NA	NA	NA	NA	NA	NA	NA	NA	NA	NA	NA	NA	NA	NA	NA	NA	NA	NA	NA	NA	NA	NA	NA	NA	NA	NA	NA	NA	NA	NA	NA	NA	NA	NA	NA	NA	NA	NA	NA	NA	NA	NA	No	7	7
95	Yes	Yes	Yes	Yes	Yes	Yes	Researcher - early career	Frequent user	Unselected	Unselected	Unselected	Unselected	Unselected	Unselected	NA	NA	3	1	1	1	1	3	woman	NA	No	No	NA	NA	Yes	middle eastern and muslim	No	No	NA	NA	No	arabic	No	Yes	NA	NA	NA	NA	NA	NA	NA	NA	NA	NA	NA	NA	NA	NA	NA	NA	NA	NA	NA	NA	NA	NA	NA	NA	NA	NA	NA	NA	NA	NA	NA	NA	NA	NA	NA	NA	NA	NA	NA	NA	Yes	6	6
96	Yes	Yes	Yes	Yes	Yes	Yes	Researcher - mid career	Occasional user	Unselected	Unselected	Unselected	Unselected	Unselected	Unselected	NA	2	3	4	5	3	3	2	man	NA	No	Yes	NA	No	No	NA	NA	No	NA	NA	Yes	NA	NA	NA	NA	NA	NA	NA	NA	NA	NA	NA	NA	NA	NA	NA	NA	NA	NA	NA	NA	NA	NA	NA	NA	NA	NA	NA	NA	NA	NA	NA	NA	NA	NA	NA	NA	NA	NA	NA	NA	NA	NA	NA	No	3	4
98	Yes	Yes	Yes	Yes	Yes	Yes	Researcher - early career	Frequent user	Unselected	Unselected	Unselected	Unselected	Unselected	Unselected	NA	1	3	4	4	2	5	3	man	NA	No	No	NA	NA	No	NA	NA	No	NA	NA	Yes	NA	NA	NA	NA	NA	NA	NA	NA	NA	NA	NA	NA	NA	NA	NA	NA	NA	NA	NA	NA	NA	NA	NA	NA	NA	NA	NA	NA	NA	NA	NA	NA	NA	NA	NA	NA	NA	NA	NA	NA	NA	NA	NA	Yes	7	7
99	Yes	Yes	Yes	Yes	Yes	Yes	Researcher - early career	Occasional user	Unselected	Unselected	Unselected	Unselected	Unselected	Unselected	NA	1	5	2	3	2	1	2	NA	NA	No	No	NA	NA	No	NA	NA	No	NA	NA	No	hebrew	No	Yes	NA	NA	NA	NA	NA	NA	NA	NA	NA	NA	NA	NA	NA	NA	NA	NA	NA	NA	NA	NA	NA	NA	NA	NA	NA	NA	NA	NA	NA	NA	NA	NA	NA	NA	NA	NA	NA	NA	NA	NA	Yes	3	7
100	Yes	Yes	Yes	Yes	Yes	Yes	Researcher - early career	Frequent user	Unselected	Unselected	Unselected	Unselected	Unselected	Unselected	NA	3	4	5	4	4	5	4	woman	NA	No	No	NA	NA	No	NA	NA	No	NA	NA	Yes	NA	NA	NA	NA	NA	NA	NA	NA	NA	NA	NA	NA	NA	NA	NA	NA	NA	NA	NA	NA	NA	NA	NA	NA	NA	NA	NA	NA	NA	NA	NA	NA	NA	NA	NA	NA	NA	NA	NA	NA	NA	NA	NA	Yes	5	4
101	Yes	Yes	Yes	Yes	Yes	Yes	Researcher - early career	Occasional user	Unselected	Unselected	Unselected	Unselected	Unselected	Unselected	NA	2	5	1	4	1	1	1	man	NA	NA	No	NA	NA	No	NA	NA	No	NA	NA	No	german	No	Yes	NA	NA	NA	NA	NA	NA	NA	NA	NA	NA	NA	NA	NA	NA	NA	NA	NA	NA	NA	NA	NA	NA	NA	NA	NA	NA	NA	NA	NA	NA	NA	NA	NA	NA	NA	NA	NA	NA	NA	NA	No	7	6
103	Yes	Yes	Yes	Yes	Yes	Yes	Researcher - early career	Occasional user	Unselected	Unselected	Unselected	Unselected	Unselected	Unselected	NA	2	3	3	4	2	2	2	woman	NA	No	No	NA	NA	No	NA	NA	No	NA	NA	No	swedish	No	Yes	NA	NA	NA	NA	NA	NA	NA	NA	NA	NA	NA	NA	NA	NA	NA	NA	NA	NA	NA	NA	NA	NA	NA	NA	NA	NA	NA	NA	NA	NA	NA	NA	NA	NA	NA	NA	NA	NA	NA	NA	No	5	4
104	Yes	Yes	Yes	Yes	Yes	Yes	Researcher - early career	Frequent user	Unselected	Unselected	Unselected	Unselected	Unselected	Unselected	NA	3	3	3	5	1	2	4	woman	NA	No	No	NA	NA	Yes	latinx / middle eastern	No	No	NA	NA	Yes	NA	NA	Yes	NA	NA	NA	NA	NA	NA	NA	NA	NA	NA	NA	NA	NA	NA	NA	NA	NA	NA	NA	NA	NA	NA	NA	NA	NA	NA	NA	NA	NA	NA	NA	NA	NA	NA	NA	NA	NA	NA	NA	NA	Yes	5	7
105	Yes	Yes	Yes	Yes	Yes	Yes	Researcher - early career	Occasional user	Unselected	Unselected	Unselected	Unselected	Unselected	Unselected	NA	4	4	4	4	1	2	2	man	NA	No	No	NA	NA	Yes	persian	No	No	NA	NA	Yes	NA	NA	Yes	NA	NA	NA	NA	NA	NA	NA	NA	NA	NA	NA	NA	NA	NA	NA	NA	NA	NA	NA	NA	NA	NA	NA	NA	NA	NA	NA	NA	NA	NA	NA	NA	NA	NA	NA	NA	NA	NA	NA	NA	Yes	2	7
106	Yes	Yes	Yes	Yes	Yes	Yes	Researcher - early career	Occasional user	Unselected	Unselected	Unselected	Unselected	Unselected	Unselected	NA	1	2	2	2	1	1	5	woman	NA	No	Yes	NA	No	No	NA	NA	No	NA	NA	Yes	NA	NA	NA	NA	NA	NA	NA	NA	NA	NA	NA	NA	NA	NA	NA	NA	NA	NA	NA	NA	NA	NA	NA	NA	NA	NA	NA	NA	NA	NA	NA	NA	NA	NA	NA	NA	NA	NA	NA	NA	NA	NA	NA	Yes	7	7
108	Yes	Yes	Yes	Yes	Yes	Yes	Researcher - early career	Occasional user	Unselected	Unselected	Unselected	Unselected	Unselected	Unselected	NA	1	4	2	2	1	1	2	man	NA	No	No	NA	NA	Yes	latino, mixed race	No	No	NA	NA	No	portuguese	No	Yes	NA	NA	NA	NA	NA	NA	NA	NA	NA	NA	NA	NA	NA	NA	NA	NA	NA	NA	NA	NA	NA	NA	NA	NA	NA	NA	NA	NA	NA	NA	NA	NA	NA	NA	NA	NA	NA	NA	NA	NA	Yes	5	5
109	Yes	Yes	Yes	Yes	Yes	Yes	Researcher - senior	Occasional user	Unselected	Unselected	Unselected	Unselected	Unselected	Unselected	NA	1	3	5	5	1	1	1	woman	NA	No	No	NA	NA	No	NA	NA	No	NA	NA	Yes	NA	NA	NA	NA	NA	NA	NA	NA	NA	NA	NA	NA	NA	NA	NA	NA	NA	NA	NA	NA	NA	NA	NA	NA	NA	NA	NA	NA	NA	NA	NA	NA	NA	NA	NA	NA	NA	NA	NA	NA	NA	NA	NA	Yes	3	7
110	Yes	Yes	Yes	Yes	Yes	Yes	Researcher - mid career	Frequent user	Unselected	Unselected	Unselected	Unselected	Unselected	Unselected	NA	1	3	1	5	2	1	3	woman	NA	No	No	NA	NA	No	NA	NA	No	NA	NA	Yes	NA	NA	Yes	NA	NA	NA	NA	NA	NA	NA	NA	NA	NA	NA	NA	NA	NA	NA	NA	NA	NA	NA	NA	NA	NA	NA	NA	NA	NA	NA	NA	NA	NA	NA	NA	NA	NA	NA	NA	NA	NA	NA	NA	Yes	4	6
112	Yes	Yes	Yes	Yes	Yes	Yes	Researcher - mid career	Occasional user	Unselected	Unselected	Unselected	Unselected	Unselected	Unselected	NA	1	5	2	2	1	1	5	man	NA	No	No	NA	NA	Yes	east asian	No	No	NA	NA	No	korean	No	Yes	NA	NA	NA	NA	NA	NA	NA	NA	NA	NA	NA	NA	NA	NA	NA	NA	NA	NA	NA	NA	NA	NA	NA	NA	NA	NA	NA	NA	NA	NA	NA	NA	NA	NA	NA	NA	NA	NA	NA	NA	Yes	5	5
114	Yes	Yes	Yes	Yes	Yes	Yes	Researcher - early career	Frequent user	Unselected	Unselected	Unselected	Unselected	Unselected	Unselected	NA	1	1	1	3	1	1	5	man	NA	No	No	NA	NA	NA	NA	NA	No	NA	NA	Yes	NA	NA	NA	NA	NA	NA	NA	NA	NA	NA	NA	NA	NA	NA	NA	NA	NA	NA	NA	NA	NA	NA	NA	NA	NA	NA	NA	NA	NA	NA	NA	NA	NA	NA	NA	NA	NA	NA	NA	NA	NA	NA	NA	Yes	7	7
115	Yes	Yes	Yes	Yes	Yes	Yes	Researcher - mid career	Frequent user	Unselected	Unselected	Unselected	Unselected	Unselected	Unselected	NA	3	3	3	3	3	3	3	man	NA	No	No	NA	NA	No	NA	NA	No	NA	NA	Yes	NA	NA	NA	NA	NA	NA	NA	NA	NA	NA	NA	NA	NA	NA	NA	NA	NA	NA	NA	NA	NA	NA	NA	NA	NA	NA	NA	NA	NA	NA	NA	NA	NA	NA	NA	NA	NA	NA	NA	NA	NA	NA	NA	No	4	4
116	Yes	Yes	Yes	Yes	Yes	Yes	Researcher - mid career	Occasional user	Unselected	Unselected	Unselected	Unselected	Unselected	Unselected	NA	3	3	4	4	1	1	3	man	NA	No	No	NA	NA	No	NA	NA	No	NA	NA	Yes	NA	NA	NA	NA	NA	NA	NA	NA	NA	NA	NA	NA	NA	NA	NA	NA	NA	NA	NA	NA	NA	NA	NA	NA	NA	NA	NA	NA	NA	NA	NA	NA	NA	NA	NA	NA	NA	NA	NA	NA	NA	NA	NA	No	6	4
117	Yes	Yes	Yes	Yes	Yes	Yes	Technical - senior	Occasional user	Unselected	Unselected	Unselected	Unselected	Unselected	Unselected	NA	2	5	1	1	4	1	2	not listed	NA	No	Yes	NA	No	Yes	NA	No	Yes	NA	No	Yes	NA	NA	NA	NA	NA	NA	NA	NA	NA	NA	NA	NA	NA	NA	NA	NA	NA	NA	NA	NA	NA	NA	NA	NA	NA	NA	NA	NA	NA	NA	NA	NA	NA	NA	NA	NA	NA	NA	NA	NA	NA	NA	NA	Yes	5	2
118	Yes	Yes	Yes	Yes	Yes	Yes	Researcher - mid career	Occasional user	Unselected	Unselected	Unselected	Unselected	Unselected	Unselected	NA	1	3	3	3	3	1	3	man	NA	No	No	NA	NA	No	NA	NA	No	NA	NA	No	chinese	Yes	Yes	NA	NA	NA	NA	NA	NA	NA	NA	NA	NA	NA	NA	NA	NA	NA	NA	NA	NA	NA	NA	NA	NA	NA	NA	NA	NA	NA	NA	NA	NA	NA	NA	4	2	2	1	1	2	1	7	No	4	5
119	Yes	Yes	Yes	Yes	Yes	Yes	Researcher - early career	Occasional contributor	Unselected	Selected	Unselected	Unselected	Selected	Unselected	NA	NA	4	5	4	1	3	4	man	NA	No	No	NA	NA	No	NA	NA	No	NA	NA	No	chinese	Yes	Yes	NA	NA	NA	NA	NA	NA	NA	NA	NA	NA	NA	NA	NA	NA	NA	NA	NA	NA	NA	NA	NA	NA	NA	NA	NA	NA	NA	NA	NA	NA	NA	NA	1	3	2	1	1	2	1	7	Yes	3	7
120	Yes	Yes	Yes	Yes	Yes	Yes	Researcher - early career	Frequent user	Unselected	Unselected	Unselected	Unselected	Unselected	Unselected	NA	2	3	5	2	3	5	3	not listed	don't ""identify with"" a gender	No	Yes	NA	No	Yes	NA	No	Yes	NA	No	Yes	NA	NA	Yes	NA	NA	NA	NA	NA	NA	NA	NA	NA	NA	NA	NA	NA	NA	NA	NA	NA	NA	NA	NA	NA	NA	NA	NA	NA	NA	NA	NA	NA	NA	NA	NA	NA	NA	NA	NA	NA	NA	NA	NA	Yes	7	7
121	Yes	Yes	Yes	Yes	Yes	Yes	Technical - senior	Occasional user	Unselected	Unselected	Unselected	Unselected	Unselected	Unselected	NA	1	5	3	4	1	3	4	woman	NA	No	Yes	bisexual	No	No	NA	NA	No	NA	NA	No	french	No	Yes	NA	NA	NA	NA	NA	NA	NA	NA	NA	NA	NA	NA	NA	NA	NA	NA	NA	NA	NA	NA	NA	NA	NA	NA	NA	NA	NA	NA	NA	NA	NA	NA	NA	NA	NA	NA	NA	NA	NA	NA	Yes	5	7
122	Yes	Yes	Yes	Yes	Yes	Yes	Researcher - mid career	Occasional user	Unselected	Unselected	Unselected	Unselected	Unselected	Unselected	NA	3	3	4	5	1	5	3	woman	NA	No	No	NA	NA	No	NA	NA	No	NA	NA	Yes	NA	NA	NA	NA	NA	NA	NA	NA	NA	NA	NA	NA	NA	NA	NA	NA	NA	NA	NA	NA	NA	NA	NA	NA	NA	NA	NA	NA	NA	NA	NA	NA	NA	NA	NA	NA	NA	NA	NA	NA	NA	NA	NA	Yes	4	5
123	Yes	Yes	Yes	Yes	Yes	Yes	Researcher - early career	Frequent user	Unselected	Unselected	Unselected	Unselected	Unselected	Unselected	NA	1	5	1	1	1	1	1	man	NA	No	No	NA	NA	Yes	NA	No	No	NA	NA	No	hebrew	No	Yes	NA	NA	NA	NA	NA	NA	NA	NA	NA	NA	NA	NA	NA	NA	NA	NA	NA	NA	NA	NA	NA	NA	NA	NA	NA	NA	NA	NA	NA	NA	NA	NA	NA	NA	NA	NA	NA	NA	NA	NA	Yes	5	5
124	Yes	Yes	Yes	Yes	Yes	Yes	Researcher - early career	Occasional user	Unselected	Unselected	Unselected	Unselected	Unselected	Unselected	NA	1	1	5	5	1	1	2	woman	NA	No	No	NA	NA	No	NA	NA	No	NA	NA	No	italian	Yes	Yes	NA	NA	NA	NA	NA	NA	NA	NA	NA	NA	NA	NA	NA	NA	NA	NA	NA	NA	NA	NA	NA	NA	NA	NA	NA	NA	NA	NA	NA	NA	NA	NA	4	2	2	1	1	1	1	1	Yes	6	2
126	Yes	Yes	Yes	Yes	Yes	Yes	Technical - junior	Frequent user	Unselected	Unselected	Unselected	Unselected	Unselected	Unselected	NA	1	2	1	1	1	5	5	man	NA	No	No	NA	NA	No	NA	NA	No	NA	NA	No	hebrew	No	Yes	NA	NA	NA	NA	NA	NA	NA	NA	NA	NA	NA	NA	NA	NA	NA	NA	NA	NA	NA	NA	NA	NA	NA	NA	NA	NA	NA	NA	NA	NA	NA	NA	NA	NA	NA	NA	NA	NA	NA	NA	Yes	5	5
127	Yes	Yes	Yes	Yes	Yes	Yes	Researcher - early career	Occasional user	Unselected	Unselected	Unselected	Unselected	Unselected	Unselected	NA	1	2	4	5	1	2	4	woman	NA	No	Yes	gay	No	No	NA	NA	No	NA	NA	No	german	No	Yes	NA	NA	NA	NA	NA	NA	NA	NA	NA	NA	NA	NA	NA	NA	NA	NA	NA	NA	NA	NA	NA	NA	NA	NA	NA	NA	NA	NA	NA	NA	NA	NA	NA	NA	NA	NA	NA	NA	NA	NA	Yes	5	5
128	Yes	Yes	Yes	Yes	Yes	Yes	Researcher - early career	Occasional user	Unselected	Unselected	Unselected	Unselected	Unselected	Unselected	NA	NA	NA	NA	4	NA	3	NA	woman	NA	NA	No	NA	NA	No	NA	NA	No	NA	NA	No	swedish	No	Yes	NA	NA	NA	NA	NA	NA	NA	NA	NA	NA	NA	NA	NA	NA	NA	NA	NA	NA	NA	NA	NA	NA	NA	NA	NA	NA	NA	NA	NA	NA	NA	NA	NA	NA	NA	NA	NA	NA	NA	NA	Yes	5	5
129	Yes	Yes	Yes	Yes	Yes	Yes	Researcher - mid career	Frequent user	Unselected	Unselected	Unselected	Unselected	Unselected	Unselected	NA	1	3	2	2	3	3	1	woman	NA	Yes	No	NA	NA	No	NA	NA	No	NA	NA	Yes	NA	NA	NA	1	1	1	1	1	4	4	1	NA	NA	NA	NA	NA	NA	NA	NA	NA	NA	NA	NA	NA	NA	NA	NA	NA	NA	NA	NA	NA	NA	NA	NA	NA	NA	NA	NA	NA	NA	NA	NA	Yes	4	4
130	Yes	Yes	Yes	Yes	Yes	Yes	Researcher - mid career	Occasional user	Unselected	Unselected	Unselected	Unselected	Unselected	Unselected	NA	1	5	3	4	1	3	5	woman	NA	No	No	NA	NA	No	NA	NA	No	NA	NA	Yes	NA	NA	NA	NA	NA	NA	NA	NA	NA	NA	NA	NA	NA	NA	NA	NA	NA	NA	NA	NA	NA	NA	NA	NA	NA	NA	NA	NA	NA	NA	NA	NA	NA	NA	NA	NA	NA	NA	NA	NA	NA	NA	NA	No	6	7
131	Yes	Yes	Yes	Yes	Yes	Yes	Researcher - early career	Occasional user	Unselected	Unselected	Unselected	Unselected	Unselected	Unselected	NA	3	5	5	5	2	1	3	man	NA	No	No	NA	NA	No	NA	NA	No	NA	NA	No	portuguese brazil	No	Yes	NA	NA	NA	NA	NA	NA	NA	NA	NA	NA	NA	NA	NA	NA	NA	NA	NA	NA	NA	NA	NA	NA	NA	NA	NA	NA	NA	NA	NA	NA	NA	NA	NA	NA	NA	NA	NA	NA	NA	NA	No	2	4
132	Yes	Yes	Yes	Yes	Yes	Yes	Technical - junior	Occasional user	Unselected	Unselected	Unselected	Unselected	Unselected	Unselected	NA	1	5	4	3	1	1	4	man	NA	No	No	NA	NA	No	NA	NA	No	NA	NA	No	german	No	Yes	NA	NA	NA	NA	NA	NA	NA	NA	NA	NA	NA	NA	NA	NA	NA	NA	NA	NA	NA	NA	NA	NA	NA	NA	NA	NA	NA	NA	NA	NA	NA	NA	NA	NA	NA	NA	NA	NA	NA	NA	Yes	5	6
133	Yes	Yes	Yes	Yes	Yes	Yes	Researcher - mid career	Occasional user	Unselected	Unselected	Unselected	Unselected	Unselected	Unselected	NA	2	4	3	4	2	2	3	man	NA	NA	NA	NA	NA	No	NA	NA	NA	NA	NA	Yes	NA	NA	NA	NA	NA	NA	NA	NA	NA	NA	NA	NA	NA	NA	NA	NA	NA	NA	NA	NA	NA	NA	NA	NA	NA	NA	NA	NA	NA	NA	NA	NA	NA	NA	NA	NA	NA	NA	NA	NA	NA	NA	NA	No	6	4
135	Yes	Yes	Yes	Yes	Yes	Yes	Technical - senior	Occasional contributor	Unselected	Selected	Unselected	Unselected	Unselected	Unselected	NA	1	4	3	3	1	3	5	man	NA	NA	No	NA	NA	No	NA	NA	No	NA	NA	No	hebrew	No	Yes	NA	NA	NA	NA	NA	NA	NA	NA	NA	NA	NA	NA	NA	NA	NA	NA	NA	NA	NA	NA	NA	NA	NA	NA	NA	NA	NA	NA	NA	NA	NA	NA	NA	NA	NA	NA	NA	NA	NA	NA	Yes	7	7
136	Yes	Yes	Yes	Yes	Yes	Yes	Researcher - early career	Frequent user	Unselected	Unselected	Unselected	Unselected	Unselected	Unselected	NA	2	2	4	5	3	4	3	woman	NA	No	Yes	NA	No	No	NA	NA	No	NA	NA	Yes	NA	NA	NA	NA	NA	NA	NA	NA	NA	NA	NA	NA	NA	NA	NA	NA	NA	NA	NA	NA	NA	NA	NA	NA	NA	NA	NA	NA	NA	NA	NA	NA	NA	NA	NA	NA	NA	NA	NA	NA	NA	NA	NA	Yes	3	3
137	Yes	Yes	Yes	Yes	Yes	Yes	Researcher - early career	Frequent user	Unselected	Unselected	Unselected	Unselected	Unselected	Unselected	NA	2	2	2	4	2	2	2	man	NA	No	No	NA	NA	No	NA	NA	No	NA	NA	No	NA	No	NA	NA	NA	NA	NA	NA	NA	NA	NA	NA	NA	NA	NA	NA	NA	NA	NA	NA	NA	NA	NA	NA	NA	NA	NA	NA	NA	NA	NA	NA	NA	NA	NA	NA	NA	NA	NA	NA	NA	NA	NA	Yes	4	3
138	Yes	Yes	Yes	Yes	Yes	Yes	Technical - senior	Occasional contributor	Unselected	Selected	Unselected	Unselected	Unselected	Unselected	NA	1	4	1	3	1	1	2	man	NA	No	No	NA	NA	No	NA	NA	No	NA	NA	No	greek	No	Yes	NA	NA	NA	NA	NA	NA	NA	NA	NA	NA	NA	NA	NA	NA	NA	NA	NA	NA	NA	NA	NA	NA	NA	NA	NA	NA	NA	NA	NA	NA	NA	NA	NA	NA	NA	NA	NA	NA	NA	NA	No	2	6
139	Yes	Yes	Yes	Yes	Yes	Yes	Technical - senior	Occasional contributor	Unselected	Selected	Unselected	Unselected	Unselected	Unselected	NA	1	5	3	2	1	1	5	man	NA	No	No	NA	NA	NA	NA	NA	Yes	NA	No	Yes	NA	NA	NA	NA	NA	NA	NA	NA	NA	NA	NA	NA	NA	NA	NA	NA	NA	NA	NA	NA	NA	NA	NA	NA	NA	NA	NA	NA	NA	NA	NA	NA	NA	NA	NA	NA	NA	NA	NA	NA	NA	NA	NA	Yes	3	6
140	Yes	Yes	Yes	Yes	Yes	Yes	NA	Occasional user	Unselected	Unselected	Unselected	Unselected	Unselected	Unselected	NA	3	5	1	2	1	1	3	man	NA	No	No	NA	NA	No	NA	NA	No	NA	NA	No	estonian	No	Yes	NA	NA	NA	NA	NA	NA	NA	NA	NA	NA	NA	NA	NA	NA	NA	NA	NA	NA	NA	NA	NA	NA	NA	NA	NA	NA	NA	NA	NA	NA	NA	NA	NA	NA	NA	NA	NA	NA	NA	NA	Yes	5	5
141	Yes	Yes	Yes	Yes	Yes	Yes	Researcher - mid career	Occasional user	Unselected	Unselected	Unselected	Unselected	Unselected	Unselected	NA	NA	5	3	3	1	1	3	man	NA	NA	Yes	gay	No	No	NA	NA	No	NA	NA	No	german	No	Yes	NA	NA	NA	NA	NA	NA	NA	NA	NA	NA	NA	NA	NA	NA	NA	NA	NA	NA	NA	NA	NA	NA	NA	NA	NA	NA	NA	NA	NA	NA	NA	NA	NA	NA	NA	NA	NA	NA	NA	NA	No	4	5
142	Yes	Yes	Yes	Yes	Yes	Yes	Technical - junior	Occasional user	Unselected	Unselected	Unselected	Unselected	Unselected	Unselected	NA	1	1	1	5	1	1	2	man	NA	No	Yes	bicurious	No	No	NA	NA	Yes	autism	No	Yes	NA	NA	Yes	NA	NA	NA	NA	NA	NA	NA	NA	NA	NA	NA	NA	NA	NA	NA	NA	NA	NA	NA	NA	NA	NA	NA	NA	NA	NA	NA	NA	NA	NA	NA	NA	NA	NA	NA	NA	NA	NA	NA	NA	Yes	4	7
143	Yes	Yes	Yes	Yes	Yes	Yes	Researcher - senior	Frequent user	Unselected	Unselected	Unselected	Unselected	Unselected	Unselected	NA	1	5	1	1	1	1	2	man	NA	No	No	NA	NA	No	NA	NA	No	NA	NA	No	german	No	Yes	NA	NA	NA	NA	NA	NA	NA	NA	NA	NA	NA	NA	NA	NA	NA	NA	NA	NA	NA	NA	NA	NA	NA	NA	NA	NA	NA	NA	NA	NA	NA	NA	NA	NA	NA	NA	NA	NA	NA	NA	Yes	5	6
144	Yes	Yes	Yes	Yes	Yes	Yes	Technical - senior	Occasional contributor	Unselected	Unselected	Unselected	Unselected	Unselected	Selected	training new users and fixing bugs for staff and students within the department	3	4	2	4	2	1	2	man	NA	No	No	NA	NA	Yes	british asian/indian	No	No	NA	NA	Yes	NA	NA	Yes	NA	NA	NA	NA	NA	NA	NA	NA	NA	NA	NA	NA	NA	NA	NA	NA	NA	NA	NA	NA	NA	NA	NA	NA	NA	NA	NA	NA	NA	NA	NA	NA	NA	NA	NA	NA	NA	NA	NA	NA	Yes	7	6
147	Yes	Yes	Yes	Yes	Yes	Yes	Researcher - early career	Occasional user	Unselected	Unselected	Unselected	Unselected	Unselected	Unselected	NA	4	5	5	5	2	2	3	woman	NA	No	No	NA	NA	No	NA	NA	No	NA	NA	Yes	NA	NA	NA	NA	NA	NA	NA	NA	NA	NA	NA	NA	NA	NA	NA	NA	NA	NA	NA	NA	NA	NA	NA	NA	NA	NA	NA	NA	NA	NA	NA	NA	NA	NA	NA	NA	NA	NA	NA	NA	NA	NA	NA	Yes	4	5
148	Yes	Yes	Yes	Yes	Yes	Yes	Researcher - early career	Frequent user	Unselected	Unselected	Unselected	Unselected	Unselected	Unselected	NA	1	3	4	4	1	2	4	man	NA	No	No	NA	NA	No	NA	NA	No	NA	NA	No	german	No	Yes	NA	NA	NA	NA	NA	NA	NA	NA	NA	NA	NA	NA	NA	NA	NA	NA	NA	NA	NA	NA	NA	NA	NA	NA	NA	NA	NA	NA	NA	NA	NA	NA	NA	NA	NA	NA	NA	NA	NA	NA	Yes	4	6
149	Yes	Yes	Yes	Yes	Yes	Yes	Technical - senior	Occasional contributor	Unselected	Selected	Unselected	Unselected	Unselected	Unselected	NA	1	5	2	1	1	1	2	not listed	gender neutral	No	Yes	asexual homoromantic	No	No	NA	NA	No	NA	NA	Yes	NA	NA	Yes	NA	NA	NA	NA	NA	NA	NA	NA	NA	NA	NA	NA	NA	NA	NA	NA	NA	NA	NA	NA	NA	NA	NA	NA	NA	NA	NA	NA	NA	NA	NA	NA	NA	NA	NA	NA	NA	NA	NA	NA	Yes	5	5
150	Yes	Yes	Yes	Yes	Yes	Yes	Technical - senior	Frequent user	Unselected	Unselected	Unselected	Unselected	Unselected	Unselected	NA	NA	4	2	1	1	3	3	man	NA	No	No	NA	NA	No	NA	NA	No	NA	NA	No	hebrew	No	Yes	NA	NA	NA	NA	NA	NA	NA	NA	NA	NA	NA	NA	NA	NA	NA	NA	NA	NA	NA	NA	NA	NA	NA	NA	NA	NA	NA	NA	NA	NA	NA	NA	NA	NA	NA	NA	NA	NA	NA	NA	No	1	3
151	Yes	Yes	Yes	Yes	Yes	Yes	Researcher - early career	Occasional user	Unselected	Unselected	Unselected	Unselected	Unselected	Unselected	NA	2	3	4	2	3	5	5	not listed	non-binary (androgyne)	No	Yes	NA	No	Yes	asian / chinese	Yes	Yes	autistic but without a diagnosis (diagnosis not affordable where i am based)	Yes	Yes	NA	NA	Yes	NA	NA	NA	NA	NA	NA	NA	NA	NA	NA	NA	NA	NA	NA	NA	NA	5	3	4	1	2	6	6	5	6	2	2	3	1	6	6	4	NA	NA	NA	NA	NA	NA	NA	NA	No	6	6
152	Yes	Yes	Yes	Yes	Yes	Yes	Researcher - mid career	Frequent user	Unselected	Unselected	Unselected	Unselected	Unselected	Unselected	NA	1	2	1	1	2	1	4	woman	NA	No	No	NA	NA	No	NA	NA	No	NA	NA	No	european portuguese	No	Yes	NA	NA	NA	NA	NA	NA	NA	NA	NA	NA	NA	NA	NA	NA	NA	NA	NA	NA	NA	NA	NA	NA	NA	NA	NA	NA	NA	NA	NA	NA	NA	NA	NA	NA	NA	NA	NA	NA	NA	NA	Yes	7	7
153	Yes	Yes	Yes	Yes	Yes	Yes	Researcher - mid career	Occasional contributor	Unselected	Selected	Unselected	Unselected	Unselected	Unselected	NA	1	1	1	1	1	1	1	man	NA	No	No	NA	NA	No	NA	NA	No	NA	NA	Yes	NA	NA	NA	NA	NA	NA	NA	NA	NA	NA	NA	NA	NA	NA	NA	NA	NA	NA	NA	NA	NA	NA	NA	NA	NA	NA	NA	NA	NA	NA	NA	NA	NA	NA	NA	NA	NA	NA	NA	NA	NA	NA	NA	Yes	4	7
154	Yes	Yes	Yes	Yes	Yes	Yes	Researcher - early career	Frequent user	Unselected	Unselected	Unselected	Unselected	Unselected	Unselected	NA	5	5	3	1	4	2	3	woman	NA	No	No	NA	NA	Yes	middle east	No	No	NA	NA	No	farsi	Yes	Yes	NA	NA	NA	NA	NA	NA	NA	NA	NA	NA	NA	NA	NA	NA	NA	NA	NA	NA	NA	NA	NA	NA	NA	NA	NA	NA	NA	NA	NA	NA	NA	NA	4	7	3	4	5	3	3	7	Yes	2	4
155	Yes	Yes	Yes	Yes	Yes	Yes	Researcher - early career	Frequent user	Unselected	Unselected	Unselected	Unselected	Unselected	Unselected	NA	1	1	1	1	1	4	3	woman	NA	No	No	NA	NA	No	NA	NA	Yes	NA	No	Yes	NA	NA	NA	NA	NA	NA	NA	NA	NA	NA	NA	NA	NA	NA	NA	NA	NA	NA	NA	NA	NA	NA	NA	NA	NA	NA	NA	NA	NA	NA	NA	NA	NA	NA	NA	NA	NA	NA	NA	NA	NA	NA	NA	Yes	5	7
156	Yes	Yes	Yes	Yes	Yes	Yes	Technical - senior	Occasional user	Unselected	Unselected	Unselected	Unselected	Unselected	Unselected	NA	1	3	3	2	1	3	4	man	NA	No	No	NA	NA	No	NA	NA	No	NA	NA	Yes	NA	NA	NA	NA	NA	NA	NA	NA	NA	NA	NA	NA	NA	NA	NA	NA	NA	NA	NA	NA	NA	NA	NA	NA	NA	NA	NA	NA	NA	NA	NA	NA	NA	NA	NA	NA	NA	NA	NA	NA	NA	NA	NA	Yes	5	6
157	Yes	Yes	Yes	Yes	Yes	Yes	Researcher - senior	Frequent user	Unselected	Unselected	Unselected	Unselected	Unselected	Unselected	NA	1	4	1	1	1	1	2	man	NA	No	No	NA	NA	No	NA	NA	No	NA	NA	Yes	NA	NA	NA	NA	NA	NA	NA	NA	NA	NA	NA	NA	NA	NA	NA	NA	NA	NA	NA	NA	NA	NA	NA	NA	NA	NA	NA	NA	NA	NA	NA	NA	NA	NA	NA	NA	NA	NA	NA	NA	NA	NA	NA	Yes	4	6
159	Yes	Yes	Yes	Yes	Yes	Yes	Researcher - early career	Occasional contributor	Unselected	Selected	Selected	Unselected	Unselected	Unselected	NA	3	3	2	4	1	1	3	woman	NA	No	Yes	bisexual	No	No	NA	NA	Yes	adhd	No	Yes	NA	NA	Yes	NA	NA	NA	NA	NA	NA	NA	NA	NA	NA	NA	NA	NA	NA	NA	NA	NA	NA	NA	NA	NA	NA	NA	NA	NA	NA	NA	NA	NA	NA	NA	NA	NA	NA	NA	NA	NA	NA	NA	NA	Yes	4	5
160	Yes	Yes	Yes	Yes	Yes	Yes	Researcher - senior	Frequent user	Unselected	Unselected	Unselected	Unselected	Unselected	Unselected	NA	1	3	2	4	2	4	1	man	NA	No	Yes	NA	No	No	NA	NA	No	NA	NA	Yes	NA	NA	NA	NA	NA	NA	NA	NA	NA	NA	NA	NA	NA	NA	NA	NA	NA	NA	NA	NA	NA	NA	NA	NA	NA	NA	NA	NA	NA	NA	NA	NA	NA	NA	NA	NA	NA	NA	NA	NA	NA	NA	NA	Yes	7	6
161	Yes	Yes	Yes	Yes	Yes	Yes	Researcher - early career	Occasional user	Unselected	Unselected	Unselected	Unselected	Unselected	Unselected	NA	2	4	2	5	1	3	4	man	NA	No	Yes	NA	No	No	NA	NA	No	NA	NA	Yes	NA	NA	NA	NA	NA	NA	NA	NA	NA	NA	NA	NA	NA	NA	NA	NA	NA	NA	NA	NA	NA	NA	NA	NA	NA	NA	NA	NA	NA	NA	NA	NA	NA	NA	NA	NA	NA	NA	NA	NA	NA	NA	NA	No	2	4
162	Yes	Yes	Yes	Yes	Yes	Yes	NA	Frequent user	Unselected	Unselected	Unselected	Unselected	Unselected	Unselected	NA	2	3	2	2	1	5	3	woman	NA	No	No	NA	NA	No	NA	NA	No	NA	NA	Yes	NA	NA	NA	NA	NA	NA	NA	NA	NA	NA	NA	NA	NA	NA	NA	NA	NA	NA	NA	NA	NA	NA	NA	NA	NA	NA	NA	NA	NA	NA	NA	NA	NA	NA	NA	NA	NA	NA	NA	NA	NA	NA	NA	Yes	6	6
163	Yes	Yes	Yes	Yes	Yes	Yes	Researcher - mid career	Occasional user	Unselected	Unselected	Unselected	Unselected	Unselected	Unselected	NA	2	5	3	5	4	1	3	woman	NA	Yes	Yes	NA	No	No	NA	NA	No	NA	NA	Yes	NA	NA	NA	4	5	4	4	5	7	7	7	NA	NA	NA	NA	NA	NA	NA	NA	NA	NA	NA	NA	NA	NA	NA	NA	NA	NA	NA	NA	NA	NA	NA	NA	NA	NA	NA	NA	NA	NA	NA	NA	No	4	2
164	Yes	Yes	Yes	Yes	Yes	Yes	Researcher - senior	Frequent user	Unselected	Unselected	Unselected	Unselected	Unselected	Unselected	NA	1	4	1	3	1	2	4	man	NA	No	NA	NA	NA	No	NA	NA	No	NA	NA	Yes	NA	NA	NA	NA	NA	NA	NA	NA	NA	NA	NA	NA	NA	NA	NA	NA	NA	NA	NA	NA	NA	NA	NA	NA	NA	NA	NA	NA	NA	NA	NA	NA	NA	NA	NA	NA	NA	NA	NA	NA	NA	NA	NA	Yes	6	7
165	Yes	Yes	Yes	Yes	Yes	Yes	Researcher - senior	Occasional user	Unselected	Unselected	Unselected	Unselected	Unselected	Unselected	NA	2	5	2	5	2	2	3	man	NA	No	NA	NA	NA	NA	NA	NA	NA	NA	NA	NA	NA	NA	NA	NA	NA	NA	NA	NA	NA	NA	NA	NA	NA	NA	NA	NA	NA	NA	NA	NA	NA	NA	NA	NA	NA	NA	NA	NA	NA	NA	NA	NA	NA	NA	NA	NA	NA	NA	NA	NA	NA	NA	NA	NA	5	5
166	Yes	Yes	Yes	Yes	Yes	Yes	Researcher - early career	Occasional user	Unselected	Unselected	Unselected	Unselected	Unselected	Unselected	NA	1	5	2	2	1	2	2	man	NA	No	No	NA	NA	No	NA	NA	No	NA	NA	No	german	No	Yes	NA	NA	NA	NA	NA	NA	NA	NA	NA	NA	NA	NA	NA	NA	NA	NA	NA	NA	NA	NA	NA	NA	NA	NA	NA	NA	NA	NA	NA	NA	NA	NA	NA	NA	NA	NA	NA	NA	NA	NA	No	5	5
167	Yes	Yes	Yes	Yes	Yes	Yes	Researcher - mid career	Frequent user	Unselected	Unselected	Unselected	Unselected	Unselected	Unselected	NA	2	4	4	4	1	1	4	man	NA	No	No	NA	NA	Yes	NA	No	No	NA	NA	Yes	NA	NA	NA	NA	NA	NA	NA	NA	NA	NA	NA	NA	NA	NA	NA	NA	NA	NA	NA	NA	NA	NA	NA	NA	NA	NA	NA	NA	NA	NA	NA	NA	NA	NA	NA	NA	NA	NA	NA	NA	NA	NA	NA	No	6	6
168	Yes	Yes	Yes	Yes	Yes	Yes	Researcher - mid career	Frequent user	Unselected	Unselected	Unselected	Unselected	Unselected	Unselected	NA	1	5	2	3	1	1	4	man	NA	No	No	NA	NA	No	NA	NA	No	NA	NA	Yes	NA	NA	NA	NA	NA	NA	NA	NA	NA	NA	NA	NA	NA	NA	NA	NA	NA	NA	NA	NA	NA	NA	NA	NA	NA	NA	NA	NA	NA	NA	NA	NA	NA	NA	NA	NA	NA	NA	NA	NA	NA	NA	NA	Yes	4	6
169	Yes	Yes	Yes	Yes	Yes	Yes	Researcher - early career	Occasional user	Unselected	Unselected	Unselected	Unselected	Unselected	Unselected	NA	NA	3	5	5	1	2	5	man	NA	No	No	NA	NA	Yes	indian origin	No	No	NA	NA	Yes	NA	NA	Yes	NA	NA	NA	NA	NA	NA	NA	NA	NA	NA	NA	NA	NA	NA	NA	NA	NA	NA	NA	NA	NA	NA	NA	NA	NA	NA	NA	NA	NA	NA	NA	NA	NA	NA	NA	NA	NA	NA	NA	NA	No	4	4
170	Yes	Yes	Yes	Yes	Yes	Yes	Researcher - mid career	Occasional user	Unselected	Unselected	Unselected	Unselected	Unselected	Unselected	NA	3	3	3	5	2	2	4	woman	NA	No	No	NA	NA	No	NA	NA	No	NA	NA	Yes	NA	NA	NA	NA	NA	NA	NA	NA	NA	NA	NA	NA	NA	NA	NA	NA	NA	NA	NA	NA	NA	NA	NA	NA	NA	NA	NA	NA	NA	NA	NA	NA	NA	NA	NA	NA	NA	NA	NA	NA	NA	NA	NA	No	5	6
171	Yes	Yes	Yes	Yes	Yes	Yes	Researcher - mid career	Occasional user	Unselected	Unselected	Unselected	Unselected	Unselected	Unselected	NA	1	4	4	1	3	1	4	man	NA	NA	No	NA	NA	No	NA	NA	Yes	NA	No	Yes	NA	NA	NA	NA	NA	NA	NA	NA	NA	NA	NA	NA	NA	NA	NA	NA	NA	NA	NA	NA	NA	NA	NA	NA	NA	NA	NA	NA	NA	NA	NA	NA	NA	NA	NA	NA	NA	NA	NA	NA	NA	NA	NA	Yes	2	4
172	Yes	Yes	Yes	Yes	Yes	Yes	Researcher - mid career	Occasional contributor	Unselected	Unselected	Unselected	Unselected	Unselected	Selected	putting together new experiments	1	5	1	5	1	2	3	woman	NA	No	No	NA	NA	No	NA	NA	No	NA	NA	Yes	NA	NA	NA	NA	NA	NA	NA	NA	NA	NA	NA	NA	NA	NA	NA	NA	NA	NA	NA	NA	NA	NA	NA	NA	NA	NA	NA	NA	NA	NA	NA	NA	NA	NA	NA	NA	NA	NA	NA	NA	NA	NA	NA	No	3	7
173	Yes	Yes	Yes	Yes	Yes	Yes	Researcher - early career	Frequent user	Unselected	Unselected	Unselected	Unselected	Unselected	Unselected	NA	1	3	3	3	2	4	4	woman	NA	No	No	NA	NA	Yes	latinamerican: mixed background	Yes	No	NA	NA	No	my mostly used language is spanish although i worked in english for few years and keep reading and interacting in english in research communities.	No	Yes	NA	NA	NA	NA	NA	NA	NA	NA	NA	NA	NA	NA	NA	NA	NA	NA	3	4	2	2	4	5	4	6	NA	NA	NA	NA	NA	NA	NA	NA	NA	NA	NA	NA	NA	NA	NA	NA	Yes	5	5
175	Yes	Yes	Yes	Yes	Yes	Yes	Researcher - early career	Frequent user	Unselected	Unselected	Unselected	Unselected	Unselected	Unselected	NA	1	4	3	2	1	1	1	man	NA	No	No	NA	NA	No	NA	NA	No	NA	NA	Yes	NA	NA	NA	NA	NA	NA	NA	NA	NA	NA	NA	NA	NA	NA	NA	NA	NA	NA	NA	NA	NA	NA	NA	NA	NA	NA	NA	NA	NA	NA	NA	NA	NA	NA	NA	NA	NA	NA	NA	NA	NA	NA	NA	Yes	7	7
176	Yes	Yes	Yes	Yes	Yes	Yes	Researcher - early career	Frequent user	Unselected	Unselected	Unselected	Unselected	Unselected	Unselected	NA	5	5	5	1	1	5	1	man	NA	No	No	NA	NA	Yes	NA	No	No	NA	NA	No	NA	No	NA	NA	NA	NA	NA	NA	NA	NA	NA	NA	NA	NA	NA	NA	NA	NA	NA	NA	NA	NA	NA	NA	NA	NA	NA	NA	NA	NA	NA	NA	NA	NA	NA	NA	NA	NA	NA	NA	NA	NA	NA	No	4	4
177	Yes	Yes	Yes	Yes	Yes	Yes	Researcher - early career	Frequent user	Unselected	Unselected	Unselected	Unselected	Unselected	Unselected	NA	1	4	2	4	1	1	3	not listed	non-binary	No	Yes	bisexual	No	No	NA	NA	No	NA	NA	No	italian	No	Yes	NA	NA	NA	NA	NA	NA	NA	NA	NA	NA	NA	NA	NA	NA	NA	NA	NA	NA	NA	NA	NA	NA	NA	NA	NA	NA	NA	NA	NA	NA	NA	NA	NA	NA	NA	NA	NA	NA	NA	NA	Yes	4	5
179	Yes	Yes	Yes	Yes	Yes	Yes	Researcher - early career	Occasional user	Unselected	Unselected	Unselected	Unselected	Unselected	Unselected	NA	4	4	4	3	2	4	4	woman	NA	No	No	NA	NA	No	NA	NA	No	NA	NA	No	german	No	Yes	NA	NA	NA	NA	NA	NA	NA	NA	NA	NA	NA	NA	NA	NA	NA	NA	NA	NA	NA	NA	NA	NA	NA	NA	NA	NA	NA	NA	NA	NA	NA	NA	NA	NA	NA	NA	NA	NA	NA	NA	Yes	3	4
180	Yes	Yes	Yes	Yes	Yes	Yes	Technical - senior	Frequent user	Unselected	Unselected	Unselected	Unselected	Unselected	Unselected	NA	1	4	3	2	1	2	3	man	NA	No	No	NA	NA	No	NA	NA	No	NA	NA	Yes	NA	NA	NA	NA	NA	NA	NA	NA	NA	NA	NA	NA	NA	NA	NA	NA	NA	NA	NA	NA	NA	NA	NA	NA	NA	NA	NA	NA	NA	NA	NA	NA	NA	NA	NA	NA	NA	NA	NA	NA	NA	NA	NA	Yes	3	7
181	Yes	Yes	Yes	Yes	Yes	Yes	Researcher - early career	Occasional user	Unselected	Unselected	Unselected	Unselected	Unselected	Unselected	NA	2	5	4	4	3	2	2	man	NA	No	No	NA	NA	Yes	latino	No	Yes	adhd	Yes	Yes	NA	NA	Yes	NA	NA	NA	NA	NA	NA	NA	NA	NA	NA	NA	NA	NA	NA	NA	NA	NA	NA	NA	NA	NA	NA	NA	NA	1	1	1	1	1	5	6	7	NA	NA	NA	NA	NA	NA	NA	NA	No	4	4
182	Yes	Yes	Yes	Yes	Yes	Yes	Researcher - early career	Occasional user	Unselected	Unselected	Unselected	Unselected	Unselected	Unselected	NA	1	2	4	5	3	3	4	man	NA	No	No	NA	NA	No	NA	NA	No	NA	NA	No	farsi	No	Yes	NA	NA	NA	NA	NA	NA	NA	NA	NA	NA	NA	NA	NA	NA	NA	NA	NA	NA	NA	NA	NA	NA	NA	NA	NA	NA	NA	NA	NA	NA	NA	NA	NA	NA	NA	NA	NA	NA	NA	NA	Yes	5	6
184	Yes	Yes	Yes	Yes	Yes	Yes	Technical - senior	Occasional contributor	Unselected	Selected	Unselected	Unselected	Unselected	Unselected	NA	2	4	3	4	2	3	4	man	NA	No	Yes	NA	No	Yes	NA	No	No	NA	NA	Yes	NA	NA	NA	NA	NA	NA	NA	NA	NA	NA	NA	NA	NA	NA	NA	NA	NA	NA	NA	NA	NA	NA	NA	NA	NA	NA	NA	NA	NA	NA	NA	NA	NA	NA	NA	NA	NA	NA	NA	NA	NA	NA	NA	Yes	3	4
185	Yes	Yes	Yes	Yes	Yes	Yes	Researcher - early career	Occasional user	Unselected	Unselected	Unselected	Unselected	Unselected	Unselected	NA	2	5	3	3	3	NA	2	woman	NA	No	No	NA	NA	No	NA	NA	No	NA	NA	Yes	NA	NA	NA	NA	NA	NA	NA	NA	NA	NA	NA	NA	NA	NA	NA	NA	NA	NA	NA	NA	NA	NA	NA	NA	NA	NA	NA	NA	NA	NA	NA	NA	NA	NA	NA	NA	NA	NA	NA	NA	NA	NA	NA	Yes	5	NA
186	Yes	Yes	Yes	Yes	Yes	Yes	Researcher - early career	Frequent user	Unselected	Unselected	Unselected	Unselected	Unselected	Unselected	NA	1	5	5	2	2	4	5	woman	NA	No	Yes	bisexual (i just filled out this survey and closed it accidentally after reading the code of conduct, please take note of the double response)	No	No	NA	NA	No	NA	NA	Yes	NA	NA	Yes	NA	NA	NA	NA	NA	NA	NA	NA	NA	NA	NA	NA	NA	NA	NA	NA	NA	NA	NA	NA	NA	NA	NA	NA	NA	NA	NA	NA	NA	NA	NA	NA	NA	NA	NA	NA	NA	NA	NA	NA	Yes	4	6
188	Yes	Yes	Yes	Yes	Yes	Yes	Researcher - early career	Occasional user	Unselected	Unselected	Unselected	Unselected	Unselected	Unselected	NA	1	2	4	4	1	4	5	not listed	NA	No	No	NA	NA	No	NA	NA	No	NA	NA	Yes	NA	NA	NA	NA	NA	NA	NA	NA	NA	NA	NA	NA	NA	NA	NA	NA	NA	NA	NA	NA	NA	NA	NA	NA	NA	NA	NA	NA	NA	NA	NA	NA	NA	NA	NA	NA	NA	NA	NA	NA	NA	NA	NA	Yes	5	5
189	Yes	Yes	Yes	Yes	Yes	Yes	Researcher - early career	Occasional user	Unselected	Unselected	Unselected	Unselected	Unselected	Unselected	NA	1	3	5	5	3	4	5	woman	NA	No	Yes	NA	No	Yes	NA	No	No	NA	NA	Yes	NA	NA	NA	NA	NA	NA	NA	NA	NA	NA	NA	NA	NA	NA	NA	NA	NA	NA	NA	NA	NA	NA	NA	NA	NA	NA	NA	NA	NA	NA	NA	NA	NA	NA	NA	NA	NA	NA	NA	NA	NA	NA	NA	No	NA	4
192	Yes	Yes	Yes	Yes	Yes	Yes	Researcher - early career	Frequent user	Unselected	Unselected	Unselected	Unselected	Unselected	Unselected	NA	2	5	2	2	2	2	3	woman	NA	No	No	NA	NA	No	NA	NA	No	NA	NA	Yes	NA	NA	NA	NA	NA	NA	NA	NA	NA	NA	NA	NA	NA	NA	NA	NA	NA	NA	NA	NA	NA	NA	NA	NA	NA	NA	NA	NA	NA	NA	NA	NA	NA	NA	NA	NA	NA	NA	NA	NA	NA	NA	NA	Yes	2	5
193	Yes	Yes	Yes	Yes	Yes	Yes	Researcher - senior	Occasional user	Unselected	Unselected	Unselected	Unselected	Unselected	Unselected	NA	1	5	2	3	1	3	5	man	NA	No	Yes	gay	No	Yes	i am an immigrant. discrimination is everywhere and celebrated within the united kingdom.	No	No	NA	NA	Yes	NA	NA	Yes	NA	NA	NA	NA	NA	NA	NA	NA	NA	NA	NA	NA	NA	NA	NA	NA	NA	NA	NA	NA	NA	NA	NA	NA	NA	NA	NA	NA	NA	NA	NA	NA	NA	NA	NA	NA	NA	NA	NA	NA	No	5	3
194	Yes	Yes	Yes	Yes	Yes	Yes	Researcher - early career	Occasional user	Unselected	Unselected	Unselected	Unselected	Unselected	Unselected	NA	1	5	1	1	1	4	4	man	NA	No	No	NA	NA	No	NA	NA	Yes	i am deeply dyslexic but i think it helps me in other aspects of academic work so i dont consider it an overall hinderance.	No	Yes	NA	NA	Yes	NA	NA	NA	NA	NA	NA	NA	NA	NA	NA	NA	NA	NA	NA	NA	NA	NA	NA	NA	NA	NA	NA	NA	NA	NA	NA	NA	NA	NA	NA	NA	NA	NA	NA	NA	NA	NA	NA	NA	NA	No	5	7
195	Yes	Yes	Yes	Yes	Yes	Yes	Researcher - early career	Occasional user	Unselected	Unselected	Unselected	Unselected	Unselected	Unselected	NA	2	2	5	5	1	3	3	man	NA	No	No	NA	NA	No	NA	NA	No	NA	NA	No	french	No	Yes	NA	NA	NA	NA	NA	NA	NA	NA	NA	NA	NA	NA	NA	NA	NA	NA	NA	NA	NA	NA	NA	NA	NA	NA	NA	NA	NA	NA	NA	NA	NA	NA	NA	NA	NA	NA	NA	NA	NA	NA	No	4	4
196	Yes	Yes	Yes	Yes	Yes	Yes	Researcher - early career	Frequent user	Unselected	Unselected	Unselected	Unselected	Unselected	Unselected	NA	1	5	1	2	1	2	2	woman	NA	No	No	NA	NA	No	NA	NA	No	NA	NA	Yes	NA	NA	NA	NA	NA	NA	NA	NA	NA	NA	NA	NA	NA	NA	NA	NA	NA	NA	NA	NA	NA	NA	NA	NA	NA	NA	NA	NA	NA	NA	NA	NA	NA	NA	NA	NA	NA	NA	NA	NA	NA	NA	NA	No	5	5
197	Yes	Yes	Yes	Yes	Yes	Yes	Researcher - mid career	Frequent user	Unselected	Unselected	Unselected	Unselected	Unselected	Unselected	NA	3	5	1	1	1	1	3	man	NA	No	No	NA	NA	No	NA	NA	No	NA	NA	No	german	No	Yes	NA	NA	NA	NA	NA	NA	NA	NA	NA	NA	NA	NA	NA	NA	NA	NA	NA	NA	NA	NA	NA	NA	NA	NA	NA	NA	NA	NA	NA	NA	NA	NA	NA	NA	NA	NA	NA	NA	NA	NA	Yes	6	7
198	Yes	Yes	Yes	Yes	Yes	Yes	Researcher - senior	Frequent user	Unselected	Unselected	Unselected	Unselected	Unselected	Unselected	NA	NA	NA	NA	NA	NA	NA	NA	man	NA	NA	No	NA	NA	No	NA	NA	No	NA	NA	Yes	NA	NA	NA	NA	NA	NA	NA	NA	NA	NA	NA	NA	NA	NA	NA	NA	NA	NA	NA	NA	NA	NA	NA	NA	NA	NA	NA	NA	NA	NA	NA	NA	NA	NA	NA	NA	NA	NA	NA	NA	NA	NA	NA	Yes	5	5
199	Yes	Yes	Yes	Yes	Yes	Yes	Researcher - senior	Frequent user	Unselected	Unselected	Unselected	Unselected	Unselected	Unselected	NA	1	1	1	1	1	2	1	man	NA	No	No	NA	NA	No	NA	NA	No	NA	NA	Yes	NA	NA	NA	NA	NA	NA	NA	NA	NA	NA	NA	NA	NA	NA	NA	NA	NA	NA	NA	NA	NA	NA	NA	NA	NA	NA	NA	NA	NA	NA	NA	NA	NA	NA	NA	NA	NA	NA	NA	NA	NA	NA	NA	No	5	NA
200	Yes	Yes	Yes	Yes	Yes	Yes	Researcher - mid career	Occasional user	Unselected	Unselected	Unselected	Unselected	Unselected	Unselected	NA	3	5	4	2	1	3	1	man	NA	No	No	NA	NA	No	NA	NA	No	NA	NA	No	dutch	No	Yes	NA	NA	NA	NA	NA	NA	NA	NA	NA	NA	NA	NA	NA	NA	NA	NA	NA	NA	NA	NA	NA	NA	NA	NA	NA	NA	NA	NA	NA	NA	NA	NA	NA	NA	NA	NA	NA	NA	NA	NA	No	5	4
201	Yes	Yes	Yes	Yes	Yes	Yes	Researcher - mid career	Frequent user	Unselected	Unselected	Unselected	Unselected	Unselected	Unselected	NA	1	2	1	2	1	1	1	man	NA	No	No	NA	NA	No	NA	NA	No	NA	NA	Yes	NA	NA	NA	NA	NA	NA	NA	NA	NA	NA	NA	NA	NA	NA	NA	NA	NA	NA	NA	NA	NA	NA	NA	NA	NA	NA	NA	NA	NA	NA	NA	NA	NA	NA	NA	NA	NA	NA	NA	NA	NA	NA	NA	Yes	5	5
202	Yes	Yes	Yes	Yes	Yes	Yes	Researcher - senior	Frequent user	Unselected	Selected	Unselected	Unselected	Unselected	Unselected	NA	1	4	3	3	1	1	4	man	NA	No	No	NA	NA	Yes	after brexit, the environment in the uk is not ideal for europeans	No	No	NA	NA	No	italian	No	Yes	NA	NA	NA	NA	NA	NA	NA	NA	NA	NA	NA	NA	NA	NA	NA	NA	NA	NA	NA	NA	NA	NA	NA	NA	NA	NA	NA	NA	NA	NA	NA	NA	NA	NA	NA	NA	NA	NA	NA	NA	Yes	6	6
203	Yes	Yes	Yes	Yes	Yes	Yes	Researcher - mid career	Occasional user	Unselected	Unselected	Unselected	Unselected	Unselected	Unselected	NA	1	4	1	1	1	2	2	man	NA	NA	No	NA	NA	No	NA	NA	No	NA	NA	No	german	No	Yes	NA	NA	NA	NA	NA	NA	NA	NA	NA	NA	NA	NA	NA	NA	NA	NA	NA	NA	NA	NA	NA	NA	NA	NA	NA	NA	NA	NA	NA	NA	NA	NA	NA	NA	NA	NA	NA	NA	NA	NA	No	7	7
205	Yes	Yes	Yes	Yes	Yes	Yes	Researcher - mid career	Senior developer	Selected	Unselected	Unselected	Selected	Unselected	Unselected	NA	2	5	3	2	1	1	2	NA	NA	No	No	NA	NA	No	NA	NA	No	NA	NA	No	french	No	Yes	NA	NA	NA	NA	NA	NA	NA	NA	NA	NA	NA	NA	NA	NA	NA	NA	NA	NA	NA	NA	NA	NA	NA	NA	NA	NA	NA	NA	NA	NA	NA	NA	NA	NA	NA	NA	NA	NA	NA	NA	Yes	5	5
206	Yes	Yes	Yes	Yes	Yes	Yes	Researcher - mid career	Frequent user	Unselected	Unselected	Unselected	Unselected	Unselected	Unselected	NA	3	5	3	1	1	2	3	man	NA	No	No	NA	NA	No	NA	NA	No	NA	NA	No	danish	No	Yes	NA	NA	NA	NA	NA	NA	NA	NA	NA	NA	NA	NA	NA	NA	NA	NA	NA	NA	NA	NA	NA	NA	NA	NA	NA	NA	NA	NA	NA	NA	NA	NA	NA	NA	NA	NA	NA	NA	NA	NA	No	5	5
207	Yes	Yes	Yes	Yes	Yes	Yes	Researcher - mid career	Frequent user	Unselected	Unselected	Unselected	Unselected	Unselected	Unselected	NA	1	5	5	5	1	5	1	woman	NA	No	No	NA	NA	No	NA	NA	No	NA	NA	Yes	NA	NA	NA	NA	NA	NA	NA	NA	NA	NA	NA	NA	NA	NA	NA	NA	NA	NA	NA	NA	NA	NA	NA	NA	NA	NA	NA	NA	NA	NA	NA	NA	NA	NA	NA	NA	NA	NA	NA	NA	NA	NA	NA	Yes	5	4
208	Yes	Yes	Yes	Yes	Yes	Yes	Researcher - senior	Frequent user	Unselected	Unselected	Unselected	Unselected	Unselected	Unselected	NA	NA	NA	5	NA	NA	5	4	NA	NA	No	NA	NA	NA	NA	NA	NA	NA	NA	NA	Yes	NA	NA	NA	NA	NA	NA	NA	NA	NA	NA	NA	NA	NA	NA	NA	NA	NA	NA	NA	NA	NA	NA	NA	NA	NA	NA	NA	NA	NA	NA	NA	NA	NA	NA	NA	NA	NA	NA	NA	NA	NA	NA	NA	Yes	6	3
209	Yes	Yes	Yes	Yes	Yes	Yes	Researcher - senior	Occasional user	Unselected	Unselected	Unselected	Unselected	Unselected	Unselected	NA	3	5	NA	5	NA	NA	NA	woman	NA	No	No	NA	NA	No	NA	NA	No	NA	NA	Yes	NA	NA	NA	NA	NA	NA	NA	NA	NA	NA	NA	NA	NA	NA	NA	NA	NA	NA	NA	NA	NA	NA	NA	NA	NA	NA	NA	NA	NA	NA	NA	NA	NA	NA	NA	NA	NA	NA	NA	NA	NA	NA	NA	No	NA	NA
210	Yes	Yes	Yes	Yes	Yes	Yes	Researcher - early career	Occasional user	Unselected	Unselected	Unselected	Unselected	Unselected	Unselected	NA	4	4	4	4	1	1	NA	woman	NA	No	No	NA	NA	No	NA	NA	No	NA	NA	No	NA	No	NA	NA	NA	NA	NA	NA	NA	NA	NA	NA	NA	NA	NA	NA	NA	NA	NA	NA	NA	NA	NA	NA	NA	NA	NA	NA	NA	NA	NA	NA	NA	NA	NA	NA	NA	NA	NA	NA	NA	NA	NA	No	4	5
211	Yes	Yes	Yes	Yes	Yes	Yes	Researcher - senior	Frequent user	Unselected	Unselected	Unselected	Unselected	Unselected	Unselected	NA	3	4	4	4	2	3	3	man	NA	No	No	NA	NA	No	NA	NA	No	NA	NA	Yes	NA	NA	NA	NA	NA	NA	NA	NA	NA	NA	NA	NA	NA	NA	NA	NA	NA	NA	NA	NA	NA	NA	NA	NA	NA	NA	NA	NA	NA	NA	NA	NA	NA	NA	NA	NA	NA	NA	NA	NA	NA	NA	NA	No	5	7
213	Yes	Yes	Yes	Yes	Yes	Yes	Researcher - early career	Frequent user	Unselected	Unselected	Unselected	Unselected	Unselected	Unselected	NA	2	5	3	2	2	5	3	man	NA	NA	No	NA	NA	Yes	latinx	No	No	NA	NA	Yes	NA	NA	Yes	NA	NA	NA	NA	NA	NA	NA	NA	NA	NA	NA	NA	NA	NA	NA	NA	NA	NA	NA	NA	NA	NA	NA	NA	NA	NA	NA	NA	NA	NA	NA	NA	NA	NA	NA	NA	NA	NA	NA	NA	No	5	6
214	Yes	Yes	Yes	Yes	Yes	Yes	Researcher - mid career	Frequent user	Unselected	Unselected	Unselected	Unselected	Unselected	Unselected	NA	3	5	3	4	1	1	2	man	NA	No	No	NA	NA	No	NA	NA	No	NA	NA	Yes	NA	NA	NA	NA	NA	NA	NA	NA	NA	NA	NA	NA	NA	NA	NA	NA	NA	NA	NA	NA	NA	NA	NA	NA	NA	NA	NA	NA	NA	NA	NA	NA	NA	NA	NA	NA	NA	NA	NA	NA	NA	NA	NA	No	NA	NA
215	Yes	Yes	Yes	Yes	Yes	Yes	Researcher - early career	Occasional contributor	Unselected	Selected	Unselected	Unselected	Unselected	Selected	Helping other people in my institution find solutions to specific problems, giving small psychopy tutorials	1	5	2	3	1	4	2	woman	NA	No	No	NA	NA	No	NA	NA	Yes	a few friends have mentioned they think i'm neurodivergent, possibly asd	No	Yes	NA	NA	Yes	NA	NA	NA	NA	NA	NA	NA	NA	NA	NA	NA	NA	NA	NA	NA	NA	NA	NA	NA	NA	NA	NA	NA	NA	NA	NA	NA	NA	NA	NA	NA	NA	NA	NA	NA	NA	NA	NA	NA	NA	Yes	5	7
216	Yes	Yes	Yes	Yes	Yes	Yes	Researcher - senior	Frequent user	Unselected	Unselected	Unselected	Unselected	Unselected	Unselected	NA	1	1	3	3	1	1	4	woman	NA	No	No	NA	NA	No	NA	NA	No	NA	NA	Yes	NA	NA	NA	NA	NA	NA	NA	NA	NA	NA	NA	NA	NA	NA	NA	NA	NA	NA	NA	NA	NA	NA	NA	NA	NA	NA	NA	NA	NA	NA	NA	NA	NA	NA	NA	NA	NA	NA	NA	NA	NA	NA	NA	Yes	7	7
217	Yes	Yes	Yes	Yes	Yes	Yes	Researcher - senior	Frequent user	Unselected	Unselected	Unselected	Unselected	Unselected	Unselected	NA	1	5	4	5	1	1	2	man	NA	No	No	NA	NA	No	NA	NA	No	NA	NA	Yes	NA	NA	NA	NA	NA	NA	NA	NA	NA	NA	NA	NA	NA	NA	NA	NA	NA	NA	NA	NA	NA	NA	NA	NA	NA	NA	NA	NA	NA	NA	NA	NA	NA	NA	NA	NA	NA	NA	NA	NA	NA	NA	NA	No	4	4
218	Yes	Yes	Yes	Yes	Yes	Yes	Researcher - early career	Occasional user	Unselected	Unselected	Unselected	Unselected	Unselected	Unselected	NA	5	5	3	5	3	1	1	woman	NA	No	No	NA	NA	No	NA	NA	No	NA	NA	Yes	NA	NA	NA	NA	NA	NA	NA	NA	NA	NA	NA	NA	NA	NA	NA	NA	NA	NA	NA	NA	NA	NA	NA	NA	NA	NA	NA	NA	NA	NA	NA	NA	NA	NA	NA	NA	NA	NA	NA	NA	NA	NA	NA	No	5	4
219	Yes	Yes	Yes	Yes	Yes	Yes	Researcher - mid career	Frequent user	Unselected	Unselected	Unselected	Unselected	Unselected	Unselected	NA	3	5	3	1	1	3	3	man	NA	No	No	NA	NA	Yes	arab	No	No	NA	NA	Yes	NA	NA	Yes	NA	NA	NA	NA	NA	NA	NA	NA	NA	NA	NA	NA	NA	NA	NA	NA	NA	NA	NA	NA	NA	NA	NA	NA	NA	NA	NA	NA	NA	NA	NA	NA	NA	NA	NA	NA	NA	NA	NA	NA	Yes	6	7
220	Yes	Yes	Yes	Yes	Yes	Yes	Researcher - mid career	Occasional user	Unselected	Unselected	Unselected	Unselected	Unselected	Unselected	NA	2	5	5	3	1	1	1	man	NA	No	No	NA	NA	No	NA	NA	No	NA	NA	Yes	NA	NA	NA	NA	NA	NA	NA	NA	NA	NA	NA	NA	NA	NA	NA	NA	NA	NA	NA	NA	NA	NA	NA	NA	NA	NA	NA	NA	NA	NA	NA	NA	NA	NA	NA	NA	NA	NA	NA	NA	NA	NA	NA	Yes	5	5
221	Yes	Yes	Yes	Yes	Yes	Yes	Researcher - mid career	Frequent user	Unselected	Unselected	Unselected	Unselected	Unselected	Unselected	NA	1	5	5	5	1	5	1	woman	NA	No	No	NA	NA	No	NA	NA	No	NA	NA	Yes	NA	NA	NA	NA	NA	NA	NA	NA	NA	NA	NA	NA	NA	NA	NA	NA	NA	NA	NA	NA	NA	NA	NA	NA	NA	NA	NA	NA	NA	NA	NA	NA	NA	NA	NA	NA	NA	NA	NA	NA	NA	NA	NA	No	5	7
222	Yes	Yes	Yes	Yes	Yes	Yes	Researcher - early career	Occasional user	Unselected	Unselected	Unselected	Unselected	Unselected	Unselected	NA	3	4	4	2	5	3	5	man	NA	No	No	NA	NA	No	NA	NA	No	NA	NA	Yes	NA	NA	NA	NA	NA	NA	NA	NA	NA	NA	NA	NA	NA	NA	NA	NA	NA	NA	NA	NA	NA	NA	NA	NA	NA	NA	NA	NA	NA	NA	NA	NA	NA	NA	NA	NA	NA	NA	NA	NA	NA	NA	NA	No	3	3
223	Yes	Yes	Yes	Yes	Yes	Yes	Researcher - mid career	Frequent user	Unselected	Unselected	Unselected	Unselected	Unselected	Unselected	NA	1	4	3	2	1	2	4	man	NA	No	No	NA	NA	No	NA	NA	No	NA	NA	Yes	NA	NA	NA	NA	NA	NA	NA	NA	NA	NA	NA	NA	NA	NA	NA	NA	NA	NA	NA	NA	NA	NA	NA	NA	NA	NA	NA	NA	NA	NA	NA	NA	NA	NA	NA	NA	NA	NA	NA	NA	NA	NA	NA	Yes	6	5
224	Yes	Yes	Yes	Yes	Yes	Yes	Researcher - mid career	Frequent contributor	Selected	Selected	Selected	Selected	Unselected	Unselected	NA	3	5	3	1	1	1	1	man	NA	No	No	NA	NA	No	NA	NA	Yes	adhd, strabismus	No	No	german	No	Yes	NA	NA	NA	NA	NA	NA	NA	NA	NA	NA	NA	NA	NA	NA	NA	NA	NA	NA	NA	NA	NA	NA	NA	NA	NA	NA	NA	NA	NA	NA	NA	NA	NA	NA	NA	NA	NA	NA	NA	NA	Yes	5	7
225	Yes	Yes	Yes	Yes	Yes	Yes	Researcher - mid career	Frequent user	Unselected	Unselected	Unselected	Unselected	Unselected	Unselected	NA	1	4	2	1	1	NA	3	man	NA	No	No	NA	NA	No	NA	NA	No	NA	NA	Yes	NA	NA	NA	NA	NA	NA	NA	NA	NA	NA	NA	NA	NA	NA	NA	NA	NA	NA	NA	NA	NA	NA	NA	NA	NA	NA	NA	NA	NA	NA	NA	NA	NA	NA	NA	NA	NA	NA	NA	NA	NA	NA	NA	No	5	6
226	Yes	Yes	Yes	Yes	Yes	Yes	Researcher - early career	Occasional contributor	Selected	Selected	Unselected	Unselected	Unselected	Unselected	NA	1	4	3	2	1	1	2	man	NA	No	No	NA	NA	No	NA	NA	No	NA	NA	No	german	No	Yes	NA	NA	NA	NA	NA	NA	NA	NA	NA	NA	NA	NA	NA	NA	NA	NA	NA	NA	NA	NA	NA	NA	NA	NA	NA	NA	NA	NA	NA	NA	NA	NA	NA	NA	NA	NA	NA	NA	NA	NA	Yes	5	6
227	Yes	Yes	Yes	Yes	Yes	Yes	Researcher - mid career	Occasional user	Unselected	Unselected	Unselected	Unselected	Unselected	Unselected	NA	2	5	3	3	1	3	2	man	NA	No	No	NA	NA	No	NA	NA	No	NA	NA	No	danish	No	Yes	NA	NA	NA	NA	NA	NA	NA	NA	NA	NA	NA	NA	NA	NA	NA	NA	NA	NA	NA	NA	NA	NA	NA	NA	NA	NA	NA	NA	NA	NA	NA	NA	NA	NA	NA	NA	NA	NA	NA	NA	No	6	5
228	Yes	Yes	Yes	Yes	Yes	Yes	Researcher - mid career	Occasional user	Unselected	Unselected	Unselected	Unselected	Unselected	Unselected	NA	3	5	4	2	2	5	4	NA	NA	No	No	NA	NA	No	NA	NA	Yes	i have rsi wrist strain that requires me to use specialist equipment and gloves	Yes	Yes	NA	NA	Yes	NA	NA	NA	NA	NA	NA	NA	NA	NA	NA	NA	NA	NA	NA	NA	NA	NA	NA	NA	NA	NA	NA	NA	NA	1	1	1	1	1	1	1	1	NA	NA	NA	NA	NA	NA	NA	NA	Yes	5	4
229	Yes	Yes	Yes	Yes	Yes	Yes	Researcher - mid career	Frequent user	Unselected	Unselected	Unselected	Unselected	Unselected	Unselected	NA	3	5	2	3	1	1	1	man	NA	No	No	NA	NA	No	NA	NA	No	NA	NA	No	italian	No	Yes	NA	NA	NA	NA	NA	NA	NA	NA	NA	NA	NA	NA	NA	NA	NA	NA	NA	NA	NA	NA	NA	NA	NA	NA	NA	NA	NA	NA	NA	NA	NA	NA	NA	NA	NA	NA	NA	NA	NA	NA	No	6	4
230	Yes	Yes	Yes	Yes	Yes	Yes	Researcher - early career	Occasional user	Unselected	Unselected	Unselected	Unselected	Unselected	Unselected	NA	3	4	4	2	1	1	3	man	NA	No	No	NA	NA	No	NA	NA	No	NA	NA	No	german	No	Yes	NA	NA	NA	NA	NA	NA	NA	NA	NA	NA	NA	NA	NA	NA	NA	NA	NA	NA	NA	NA	NA	NA	NA	NA	NA	NA	NA	NA	NA	NA	NA	NA	NA	NA	NA	NA	NA	NA	NA	NA	No	5	4
231	Yes	Yes	Yes	Yes	Yes	Yes	Researcher - mid career	Occasional user	Unselected	Unselected	Unselected	Unselected	Unselected	Unselected	NA	2	5	1	2	1	1	1	woman	NA	No	Yes	pan	No	No	NA	NA	No	NA	NA	Yes	NA	NA	Yes	NA	NA	NA	NA	NA	NA	NA	NA	NA	NA	NA	NA	NA	NA	NA	NA	NA	NA	NA	NA	NA	NA	NA	NA	NA	NA	NA	NA	NA	NA	NA	NA	NA	NA	NA	NA	NA	NA	NA	NA	No	6	5
232	Yes	Yes	Yes	Yes	Yes	Yes	Researcher - mid career	Frequent user	Unselected	Unselected	Unselected	Unselected	Unselected	Unselected	NA	3	5	4	2	1	2	3	man	NA	No	No	NA	NA	No	NA	NA	No	NA	NA	No	dansih	No	Yes	NA	NA	NA	NA	NA	NA	NA	NA	NA	NA	NA	NA	NA	NA	NA	NA	NA	NA	NA	NA	NA	NA	NA	NA	NA	NA	NA	NA	NA	NA	NA	NA	NA	NA	NA	NA	NA	NA	NA	NA	Yes	5	6
233	Yes	Yes	Yes	Yes	Yes	Yes	Researcher - mid career	Frequent user	Unselected	Unselected	Unselected	Unselected	Unselected	Unselected	NA	1	3	3	1	4	4	3	man	NA	No	No	NA	NA	No	NA	NA	No	NA	NA	Yes	NA	NA	NA	NA	NA	NA	NA	NA	NA	NA	NA	NA	NA	NA	NA	NA	NA	NA	NA	NA	NA	NA	NA	NA	NA	NA	NA	NA	NA	NA	NA	NA	NA	NA	NA	NA	NA	NA	NA	NA	NA	NA	NA	Yes	2	4
234	Yes	Yes	Yes	Yes	Yes	Yes	Researcher - senior	Occasional user	Unselected	Unselected	Unselected	Unselected	Unselected	Unselected	NA	3	4	3	5	1	1	1	man	NA	No	No	NA	NA	No	NA	NA	Yes	extremely minor: stereo blind	No	No	NA	No	Yes	NA	NA	NA	NA	NA	NA	NA	NA	NA	NA	NA	NA	NA	NA	NA	NA	NA	NA	NA	NA	NA	NA	NA	NA	NA	NA	NA	NA	NA	NA	NA	NA	NA	NA	NA	NA	NA	NA	NA	NA	No	4	4
235	Yes	Yes	Yes	Yes	Yes	Yes	Researcher - mid career	Occasional user	Unselected	Unselected	Unselected	Unselected	Unselected	Unselected	NA	1	4	1	2	1	3	3	woman	NA	No	No	NA	NA	No	NA	NA	No	NA	NA	No	german	No	Yes	NA	NA	NA	NA	NA	NA	NA	NA	NA	NA	NA	NA	NA	NA	NA	NA	NA	NA	NA	NA	NA	NA	NA	NA	NA	NA	NA	NA	NA	NA	NA	NA	NA	NA	NA	NA	NA	NA	NA	NA	Yes	7	7
236	Yes	Yes	Yes	Yes	Yes	Yes	Researcher - early career	Frequent user	Unselected	Unselected	Unselected	Unselected	Unselected	Unselected	NA	1	4	4	2	3	1	3	man	NA	No	No	NA	NA	No	NA	NA	No	NA	NA	No	german	No	Yes	NA	NA	NA	NA	NA	NA	NA	NA	NA	NA	NA	NA	NA	NA	NA	NA	NA	NA	NA	NA	NA	NA	NA	NA	NA	NA	NA	NA	NA	NA	NA	NA	NA	NA	NA	NA	NA	NA	NA	NA	No	3	5
237	Yes	Yes	Yes	Yes	Yes	Yes	Researcher - mid career	Frequent user	Unselected	Selected	Selected	Unselected	Unselected	Unselected	NA	2	4	2	1	2	1	1	man	NA	No	No	NA	NA	No	NA	NA	No	NA	NA	No	german	No	Yes	NA	NA	NA	NA	NA	NA	NA	NA	NA	NA	NA	NA	NA	NA	NA	NA	NA	NA	NA	NA	NA	NA	NA	NA	NA	NA	NA	NA	NA	NA	NA	NA	NA	NA	NA	NA	NA	NA	NA	NA	No	4	3
238	Yes	Yes	Yes	Yes	Yes	Yes	Researcher - mid career	Frequent user	Unselected	Unselected	Unselected	Unselected	Unselected	Unselected	NA	1	2	5	3	1	5	3	man	NA	No	No	NA	NA	No	NA	NA	No	NA	NA	No	portuguese	No	Yes	NA	NA	NA	NA	NA	NA	NA	NA	NA	NA	NA	NA	NA	NA	NA	NA	NA	NA	NA	NA	NA	NA	NA	NA	NA	NA	NA	NA	NA	NA	NA	NA	NA	NA	NA	NA	NA	NA	NA	NA	Yes	6	6
239	Yes	Yes	Yes	Yes	Yes	Yes	Researcher - early career	Frequent user	Unselected	Unselected	Unselected	Unselected	Unselected	Unselected	NA	1	4	1	2	1	1	5	man	NA	NA	Yes	gay	No	No	NA	NA	No	NA	NA	No	italian	No	Yes	NA	NA	NA	NA	NA	NA	NA	NA	NA	NA	NA	NA	NA	NA	NA	NA	NA	NA	NA	NA	NA	NA	NA	NA	NA	NA	NA	NA	NA	NA	NA	NA	NA	NA	NA	NA	NA	NA	NA	NA	Yes	6	6
240	Yes	Yes	Yes	Yes	Yes	Yes	Researcher - senior	Frequent user	Unselected	Unselected	Unselected	Unselected	Unselected	Unselected	NA	3	1	3	2	1	1	2	man	NA	No	No	NA	NA	No	NA	NA	No	NA	NA	Yes	NA	NA	NA	NA	NA	NA	NA	NA	NA	NA	NA	NA	NA	NA	NA	NA	NA	NA	NA	NA	NA	NA	NA	NA	NA	NA	NA	NA	NA	NA	NA	NA	NA	NA	NA	NA	NA	NA	NA	NA	NA	NA	NA	Yes	7	7
241	Yes	Yes	Yes	Yes	Yes	Yes	Researcher - early career	Occasional user	Unselected	Unselected	Unselected	Unselected	Unselected	Unselected	NA	2	2	3	5	1	2	1	woman	NA	No	No	NA	NA	Yes	NA	No	No	NA	NA	No	italian	No	Yes	NA	NA	NA	NA	NA	NA	NA	NA	NA	NA	NA	NA	NA	NA	NA	NA	NA	NA	NA	NA	NA	NA	NA	NA	NA	NA	NA	NA	NA	NA	NA	NA	NA	NA	NA	NA	NA	NA	NA	NA	Yes	4	4
242	Yes	Yes	Yes	Yes	Yes	Yes	Researcher - senior	Occasional user	Unselected	Unselected	Unselected	Unselected	Unselected	Unselected	NA	1	5	3	2	1	3	3	man	NA	No	No	NA	NA	No	NA	NA	No	NA	NA	No	german	No	Yes	NA	NA	NA	NA	NA	NA	NA	NA	NA	NA	NA	NA	NA	NA	NA	NA	NA	NA	NA	NA	NA	NA	NA	NA	NA	NA	NA	NA	NA	NA	NA	NA	NA	NA	NA	NA	NA	NA	NA	NA	No	4	4
243	Yes	Yes	Yes	Yes	Yes	Yes	Researcher - early career	Frequent user	Unselected	Unselected	Unselected	Unselected	Unselected	Unselected	NA	1	3	4	3	1	1	3	man	NA	NA	Yes	gay	No	No	NA	NA	No	NA	NA	Yes	NA	NA	Yes	NA	NA	NA	NA	NA	NA	NA	NA	NA	NA	NA	NA	NA	NA	NA	NA	NA	NA	NA	NA	NA	NA	NA	NA	NA	NA	NA	NA	NA	NA	NA	NA	NA	NA	NA	NA	NA	NA	NA	NA	Yes	4	5
244	Yes	Yes	Yes	Yes	Yes	Yes	Researcher - mid career	Frequent user	Unselected	Unselected	Unselected	Unselected	Unselected	Unselected	NA	2	5	5	3	1	2	4	man	NA	No	No	NA	NA	No	NA	NA	No	NA	NA	Yes	NA	NA	NA	NA	NA	NA	NA	NA	NA	NA	NA	NA	NA	NA	NA	NA	NA	NA	NA	NA	NA	NA	NA	NA	NA	NA	NA	NA	NA	NA	NA	NA	NA	NA	NA	NA	NA	NA	NA	NA	NA	NA	NA	Yes	7	7
245	Yes	Yes	Yes	Yes	Yes	Yes	Researcher - mid career	Frequent user	Unselected	Unselected	Unselected	Unselected	Unselected	Unselected	NA	1	5	4	3	1	2	5	man	NA	No	No	NA	NA	No	NA	NA	No	NA	NA	Yes	NA	NA	NA	NA	NA	NA	NA	NA	NA	NA	NA	NA	NA	NA	NA	NA	NA	NA	NA	NA	NA	NA	NA	NA	NA	NA	NA	NA	NA	NA	NA	NA	NA	NA	NA	NA	NA	NA	NA	NA	NA	NA	NA	Yes	4	4
246	Yes	Yes	Yes	Yes	Yes	Yes	Researcher - early career	Occasional user	Unselected	Unselected	Unselected	Unselected	Unselected	Unselected	NA	4	4	4	3	1	1	3	man	NA	No	No	NA	NA	No	NA	NA	No	NA	NA	No	german	No	Yes	NA	NA	NA	NA	NA	NA	NA	NA	NA	NA	NA	NA	NA	NA	NA	NA	NA	NA	NA	NA	NA	NA	NA	NA	NA	NA	NA	NA	NA	NA	NA	NA	NA	NA	NA	NA	NA	NA	NA	NA	No	5	5
249	Yes	Yes	Yes	Yes	Yes	Yes	NA	Occasional user	Unselected	Unselected	Unselected	Unselected	Unselected	Unselected	NA	2	5	2	2	2	2	2	woman	NA	No	No	NA	NA	Yes	mexican/latinamerican/hispanic	No	No	NA	NA	No	spanish	No	Yes	NA	NA	NA	NA	NA	NA	NA	NA	NA	NA	NA	NA	NA	NA	NA	NA	NA	NA	NA	NA	NA	NA	NA	NA	NA	NA	NA	NA	NA	NA	NA	NA	NA	NA	NA	NA	NA	NA	NA	NA	Yes	4	4
251	Yes	Yes	Yes	Yes	Yes	Yes	Researcher - senior	Occasional user	Unselected	Unselected	Unselected	Unselected	Unselected	Unselected	NA	2	4	3	4	1	2	3	man	NA	No	No	NA	NA	No	NA	NA	No	NA	NA	Yes	NA	NA	NA	NA	NA	NA	NA	NA	NA	NA	NA	NA	NA	NA	NA	NA	NA	NA	NA	NA	NA	NA	NA	NA	NA	NA	NA	NA	NA	NA	NA	NA	NA	NA	NA	NA	NA	NA	NA	NA	NA	NA	NA	No	3	4
252	Yes	Yes	Yes	Yes	Yes	Yes	Researcher - senior	Frequent user	Unselected	Unselected	Unselected	Unselected	Unselected	Unselected	NA	4	5	3	3	2	2	2	man	NA	No	No	NA	NA	No	NA	NA	No	NA	NA	No	dutch	No	Yes	NA	NA	NA	NA	NA	NA	NA	NA	NA	NA	NA	NA	NA	NA	NA	NA	NA	NA	NA	NA	NA	NA	NA	NA	NA	NA	NA	NA	NA	NA	NA	NA	NA	NA	NA	NA	NA	NA	NA	NA	Yes	7	7
253	Yes	Yes	Yes	Yes	Yes	Yes	Researcher - senior	Occasional user	Unselected	Unselected	Unselected	Unselected	Unselected	Unselected	NA	1	5	5	3	1	1	2	woman	NA	Yes	No	NA	NA	No	NA	NA	No	NA	NA	No	german	No	Yes	NA	NA	NA	NA	NA	4	4	6	NA	NA	NA	NA	NA	NA	NA	NA	NA	NA	NA	NA	NA	NA	NA	NA	NA	NA	NA	NA	NA	NA	NA	NA	NA	NA	NA	NA	NA	NA	NA	NA	No	3	5
254	Yes	Yes	Yes	Yes	Yes	Yes	Researcher - mid career	Occasional user	Unselected	Unselected	Unselected	Unselected	Unselected	Unselected	NA	1	4	2	5	1	4	2	woman	NA	No	No	NA	NA	No	NA	NA	No	NA	NA	Yes	NA	NA	NA	NA	NA	NA	NA	NA	NA	NA	NA	NA	NA	NA	NA	NA	NA	NA	NA	NA	NA	NA	NA	NA	NA	NA	NA	NA	NA	NA	NA	NA	NA	NA	NA	NA	NA	NA	NA	NA	NA	NA	NA	No	6	5
256	Yes	Yes	Yes	Yes	Yes	Yes	Researcher - senior	Occasional user	Unselected	Unselected	Unselected	Unselected	Unselected	Unselected	NA	1	5	5	2	1	4	1	man	NA	NA	No	NA	NA	No	NA	NA	No	NA	NA	Yes	NA	NA	NA	NA	NA	NA	NA	NA	NA	NA	NA	NA	NA	NA	NA	NA	NA	NA	NA	NA	NA	NA	NA	NA	NA	NA	NA	NA	NA	NA	NA	NA	NA	NA	NA	NA	NA	NA	NA	NA	NA	NA	NA	No	6	6
257	Yes	Yes	Yes	Yes	Yes	Yes	Researcher - mid career	Occasional user	Unselected	Unselected	Unselected	Unselected	Unselected	Unselected	NA	1	5	3	3	1	1	2	man	NA	No	No	NA	NA	No	NA	NA	No	NA	NA	No	italian	No	Yes	NA	NA	NA	NA	NA	NA	NA	NA	NA	NA	NA	NA	NA	NA	NA	NA	NA	NA	NA	NA	NA	NA	NA	NA	NA	NA	NA	NA	NA	NA	NA	NA	NA	NA	NA	NA	NA	NA	NA	NA	Yes	5	5
258	Yes	Yes	Yes	Yes	Yes	Yes	Technical - senior	Occasional user	Unselected	Unselected	Unselected	Unselected	Unselected	Unselected	NA	3	5	5	3	1	1	2	man	NA	No	No	NA	NA	No	NA	NA	No	NA	NA	No	german	Yes	Yes	NA	NA	NA	NA	NA	NA	NA	NA	NA	NA	NA	NA	NA	NA	NA	NA	NA	NA	NA	NA	NA	NA	NA	NA	NA	NA	NA	NA	NA	NA	NA	NA	1	1	1	1	1	1	1	1	Yes	7	7
260	Yes	Yes	Yes	Yes	Yes	Yes	Researcher - early career	Frequent user	Unselected	Unselected	Unselected	Unselected	Unselected	Unselected	NA	1	2	2	3	2	5	4	man	NA	No	Yes	i am a homosexual male	No	Yes	i am a turkish male living in germany. although i do not feel discrimination on a daily basis, time to time i hear negative comments about my culture.	No	No	NA	NA	No	turkish	No	Yes	NA	NA	NA	NA	NA	NA	NA	NA	NA	NA	NA	NA	NA	NA	NA	NA	NA	NA	NA	NA	NA	NA	NA	NA	NA	NA	NA	NA	NA	NA	NA	NA	NA	NA	NA	NA	NA	NA	NA	NA	No	5	4
261	Yes	Yes	Yes	Yes	Yes	Yes	Researcher - senior	Frequent user	Unselected	Unselected	Unselected	Unselected	Unselected	Unselected	NA	1	4	2	4	1	1	4	man	NA	No	No	NA	NA	No	NA	NA	No	NA	NA	No	german	No	Yes	NA	NA	NA	NA	NA	NA	NA	NA	NA	NA	NA	NA	NA	NA	NA	NA	NA	NA	NA	NA	NA	NA	NA	NA	NA	NA	NA	NA	NA	NA	NA	NA	NA	NA	NA	NA	NA	NA	NA	NA	Yes	6	7
263	Yes	Yes	Yes	Yes	Yes	Yes	Researcher - early career	Occasional user	Unselected	Unselected	Unselected	Unselected	Unselected	Unselected	NA	1	1	5	5	5	5	1	man	NA	No	No	NA	NA	Yes	NA	No	No	NA	NA	No	NA	No	NA	NA	NA	NA	NA	NA	NA	NA	NA	NA	NA	NA	NA	NA	NA	NA	NA	NA	NA	NA	NA	NA	NA	NA	NA	NA	NA	NA	NA	NA	NA	NA	NA	NA	NA	NA	NA	NA	NA	NA	NA	No	1	1
264	Yes	Yes	Yes	Yes	Yes	Yes	NA	NA	Unselected	Unselected	Unselected	Unselected	Unselected	Unselected	NA	1	4	3	5	1	4	5	woman	NA	No	No	NA	NA	No	NA	NA	Yes	sca8 symptoms -- mainly ataxia	No	Yes	NA	NA	Yes	NA	NA	NA	NA	NA	NA	NA	NA	NA	NA	NA	NA	NA	NA	NA	NA	NA	NA	NA	NA	NA	NA	NA	NA	NA	NA	NA	NA	NA	NA	NA	NA	NA	NA	NA	NA	NA	NA	NA	NA	Yes	7	7
